query_id,applicant_id,feature_name,intervention_value
q00000,876bcd01-6bb4-a5b2-def4-8ff161a48e12,prior_loans_count,5.0
q00001,876bcd01-6bb4-a5b2-def4-8ff161a48e12,invoice_payment_delinquency_rate,0.08023712723227132
q00002,876bcd01-6bb4-a5b2-def4-8ff161a48e12,prior_loans_count,5.0
q00003,ca4b7fc8-e745-334f-52e7-039d6018b5f3,platform_active_months,25.0
q00004,ca4b7fc8-e745-334f-52e7-039d6018b5f3,stated_annual_revenue,977502.2972138582
q00005,ca4b7fc8-e745-334f-52e7-039d6018b5f3,application_channel,2.0
q00006,b1decd07-b1e9-44b2-343b-56738a8b7dac,recent_inquiries_count_6mo,4.0
q00007,b1decd07-b1e9-44b2-343b-56738a8b7dac,stated_annual_revenue,1493345.5968509426
q00008,b1decd07-b1e9-44b2-343b-56738a8b7dac,aggregate_credit_utilization,0.7892426761286483
q00009,8e4176ab-e812-9143-eb47-53105df4b22c,invoice_payment_delinquency_rate,0.06806841082392828
q00010,8e4176ab-e812-9143-eb47-53105df4b22c,existing_debt_obligations,6472.64525887089
q00011,8e4176ab-e812-9143-eb47-53105df4b22c,stated_time_in_business,2.6309901906030215
q00012,4b9ec9fb-e8d6-0f50-4f9a-4e2d58f12e20,invoice_payment_delinquency_rate,0.1619267782504928
q00013,4b9ec9fb-e8d6-0f50-4f9a-4e2d58f12e20,account_age_days,2847.0
q00014,4b9ec9fb-e8d6-0f50-4f9a-4e2d58f12e20,stated_annual_revenue,1322484.5785605628
q00015,8a41c551-e11e-ca4e-9023-affcb27ca5db,aggregate_credit_utilization,0.19745768537741754
q00016,8a41c551-e11e-ca4e-9023-affcb27ca5db,stated_time_in_business,10.197138323055777
q00017,8a41c551-e11e-ca4e-9023-affcb27ca5db,stated_annual_revenue,1793082.4010488512
q00018,e1a653fa-ec98-2fab-735a-b2f0faa305bd,application_channel,2.0
q00019,e1a653fa-ec98-2fab-735a-b2f0faa305bd,multi_lender_inquiry_count_30d,4.0
q00020,e1a653fa-ec98-2fab-735a-b2f0faa305bd,aggregate_credit_utilization,0.42945550435171315
q00021,03317c48-243d-13b2-f403-fd78d6823775,observed_revenue_trend_3mo,-0.3880536643515508
q00022,03317c48-243d-13b2-f403-fd78d6823775,invoice_payment_delinquency_rate,0.20863319618884638
q00023,03317c48-243d-13b2-f403-fd78d6823775,invoice_payment_delinquency_rate,0.06745678210584721
q00024,5285da8b-6328-69a7-83a3-593fa17231a2,payroll_regularity_score,0.7650679032766133
q00025,5285da8b-6328-69a7-83a3-593fa17231a2,owner_personal_credit_band,3.0
q00026,5285da8b-6328-69a7-83a3-593fa17231a2,prior_loans_count,4.0
q00027,7ae24dc7-d904-302a-5978-e0662337afb1,owner_personal_credit_band,1.0
q00028,7ae24dc7-d904-302a-5978-e0662337afb1,existing_debt_obligations,8924.853525271345
q00029,7ae24dc7-d904-302a-5978-e0662337afb1,existing_debt_obligations,7057.514181170483
q00030,a9b53140-7ae3-44f5-4fca-5e7e34c7f245,multi_lender_inquiry_count_30d,0.0
q00031,a9b53140-7ae3-44f5-4fca-5e7e34c7f245,employee_count_bucket,3.0
q00032,a9b53140-7ae3-44f5-4fca-5e7e34c7f245,requested_amount,21686.394037914783
q00033,93ae6891-0fbe-d371-3d6e-a30c8dd70d90,prior_loans_default_count,1.0
q00034,93ae6891-0fbe-d371-3d6e-a30c8dd70d90,invoice_payment_delinquency_rate,0.16480619739355384
q00035,93ae6891-0fbe-d371-3d6e-a30c8dd70d90,owner_personal_credit_band,3.0
q00036,2fb2e93b-063e-b20f-e321-af7491e057c7,recent_inquiries_count_6mo,4.0
q00037,2fb2e93b-063e-b20f-e321-af7491e057c7,owner_personal_credit_band,4.0
q00038,2fb2e93b-063e-b20f-e321-af7491e057c7,application_channel,2.0
q00039,8bf4122a-c116-b4f9-8321-f5e788d49561,recent_inquiries_count_6mo,2.0
q00040,8bf4122a-c116-b4f9-8321-f5e788d49561,existing_debt_obligations,9582.731590467265
q00041,8bf4122a-c116-b4f9-8321-f5e788d49561,existing_debt_obligations,8657.12891317153
q00042,69d58cb7-b758-eb84-f118-677ba485fc3e,observed_revenue_volatility,1.4361630121781344
q00043,69d58cb7-b758-eb84-f118-677ba485fc3e,stated_time_in_business,2.0937755160981313
q00044,69d58cb7-b758-eb84-f118-677ba485fc3e,vintage_years,8.196560994381736
q00045,d385e53d-ba49-7460-4d65-0524b5f7fe8e,existing_debt_obligations,5078.36818708379
q00046,d385e53d-ba49-7460-4d65-0524b5f7fe8e,observed_overdraft_count_3mo,4.0
q00047,d385e53d-ba49-7460-4d65-0524b5f7fe8e,stated_time_in_business,2.4066513900566973
q00048,2f402372-2111-d1b6-724b-cef9f8c5f6e4,stated_time_in_business,4.2301873017230065
q00049,2f402372-2111-d1b6-724b-cef9f8c5f6e4,observed_cash_balance_p10,3186.9157785106036
q00050,2f402372-2111-d1b6-724b-cef9f8c5f6e4,account_age_days,2765.0
q00051,6e0629b0-1e4e-616a-f692-984508aec3d4,recent_inquiries_count_6mo,5.0
q00052,6e0629b0-1e4e-616a-f692-984508aec3d4,stated_time_in_business,3.953816904476562
q00053,6e0629b0-1e4e-616a-f692-984508aec3d4,application_channel,0.0
q00054,14b4f7af-1280-a8a0-32c5-86f763101835,existing_debt_obligations,8504.728568150156
q00055,14b4f7af-1280-a8a0-32c5-86f763101835,observed_revenue_volatility,1.174288365495983
q00056,14b4f7af-1280-a8a0-32c5-86f763101835,multi_lender_inquiry_count_30d,5.0
q00057,aed2553d-3cb5-1aee-5821-f8b52dfc37fc,stated_time_in_business,2.9794380748208926
q00058,aed2553d-3cb5-1aee-5821-f8b52dfc37fc,stated_time_in_business,4.514329473861401
q00059,aed2553d-3cb5-1aee-5821-f8b52dfc37fc,stated_time_in_business,4.22603626779921
q00060,0c4bf379-d4e7-c5f0-cef2-186f1fcc9315,aggregate_credit_utilization,0.28692921889489365
q00061,0c4bf379-d4e7-c5f0-cef2-186f1fcc9315,employee_count_bucket,3.0
q00062,0c4bf379-d4e7-c5f0-cef2-186f1fcc9315,stated_annual_revenue,1362234.0752358586
q00063,6af601d4-a16b-881d-04c2-34084784e58d,payroll_regularity_score,0.31845166264360636
q00064,6af601d4-a16b-881d-04c2-34084784e58d,days_since_last_inquiry_elsewhere,9.518259374940866
q00065,6af601d4-a16b-881d-04c2-34084784e58d,observed_overdraft_count_3mo,5.0
q00066,677e051c-6014-8831-920e-69b6fdd18ce8,observed_revenue_trend_3mo,-0.3800733867184434
q00067,677e051c-6014-8831-920e-69b6fdd18ce8,observed_revenue_volatility,1.0546485015387228
q00068,677e051c-6014-8831-920e-69b6fdd18ce8,multi_lender_inquiry_count_30d,5.0
q00069,1a95b053-60a2-9773-4760-a66b8a8dc0ce,owner_personal_credit_band,1.0
q00070,1a95b053-60a2-9773-4760-a66b8a8dc0ce,observed_overdraft_count_3mo,2.0
q00071,1a95b053-60a2-9773-4760-a66b8a8dc0ce,owner_personal_credit_band,1.0
q00072,b7592cf3-e95e-970e-c8a6-2468b0f4257a,days_since_last_inquiry_elsewhere,18.278466477138632
q00073,b7592cf3-e95e-970e-c8a6-2468b0f4257a,aggregate_credit_utilization,0.344645296077256
q00074,b7592cf3-e95e-970e-c8a6-2468b0f4257a,existing_debt_obligations,13732.147074278899
q00075,f73dfbf6-6b8e-7dc0-baf3-78c59415ace1,days_since_last_inquiry_elsewhere,26.063905583933156
q00076,f73dfbf6-6b8e-7dc0-baf3-78c59415ace1,observed_monthly_revenue_avg_3mo,268238.7281492223
q00077,f73dfbf6-6b8e-7dc0-baf3-78c59415ace1,requested_amount,22983.720527759084
q00078,bbbf9d61-b994-1aa7-9bdb-684681d5b2c6,observed_monthly_revenue_avg_3mo,250068.06488721148
q00079,bbbf9d61-b994-1aa7-9bdb-684681d5b2c6,stated_annual_revenue,1996561.8922971892
q00080,bbbf9d61-b994-1aa7-9bdb-684681d5b2c6,geography_region,3.0
q00081,07add88f-8a79-7047-4e43-47d54c140a28,multi_lender_inquiry_count_30d,4.0
q00082,07add88f-8a79-7047-4e43-47d54c140a28,stated_annual_revenue,1364186.260010575
q00083,07add88f-8a79-7047-4e43-47d54c140a28,stated_time_in_business,4.048440448009787
q00084,aad2f065-f198-c292-2ca8-2232303fc598,observed_revenue_volatility,1.4109968792718484
q00085,aad2f065-f198-c292-2ca8-2232303fc598,application_channel,1.0
q00086,aad2f065-f198-c292-2ca8-2232303fc598,bookkeeping_recency_days,18.057610978056893
q00087,e25e8765-202e-e7a4-4e40-338f90e97950,multi_lender_inquiry_count_30d,2.0
q00088,e25e8765-202e-e7a4-4e40-338f90e97950,observed_cash_balance_p10,3032.907138183934
q00089,e25e8765-202e-e7a4-4e40-338f90e97950,aggregate_credit_utilization,0.33127367424363907
q00090,cdb49308-58f3-5848-9987-7cfabb01026f,observed_cash_balance_p10,1800.0030392608458
q00091,cdb49308-58f3-5848-9987-7cfabb01026f,aggregate_credit_utilization,0.4416964440183937
q00092,cdb49308-58f3-5848-9987-7cfabb01026f,prior_loans_default_count,2.0
q00093,d35fb7d9-d14b-2712-fa47-31c822e7d9d9,bookkeeping_recency_days,33.124057737036665
q00094,d35fb7d9-d14b-2712-fa47-31c822e7d9d9,aggregate_credit_utilization,0.49213161268037103
q00095,d35fb7d9-d14b-2712-fa47-31c822e7d9d9,has_linked_bank_feed,1.0
q00096,b99d6dc3-cc77-1d33-4d64-f872b91ff9e5,stated_time_in_business,3.052717259572016
q00097,b99d6dc3-cc77-1d33-4d64-f872b91ff9e5,stated_annual_revenue,4179460.150864997
q00098,b99d6dc3-cc77-1d33-4d64-f872b91ff9e5,prior_loans_default_count,2.0
q00099,72873a98-b9ad-dd95-b0e0-708c507ce22a,application_channel,0.0
q00100,72873a98-b9ad-dd95-b0e0-708c507ce22a,multi_lender_inquiry_count_30d,1.0
q00101,72873a98-b9ad-dd95-b0e0-708c507ce22a,observed_monthly_revenue_avg_3mo,277703.03905645583
q00102,0a04ee8a-2204-2daf-fc44-9aea857b7aad,platform_active_months,19.0
q00103,0a04ee8a-2204-2daf-fc44-9aea857b7aad,observed_cash_balance_p10,-98.01559692690364
q00104,0a04ee8a-2204-2daf-fc44-9aea857b7aad,account_age_days,1999.0
q00105,4db79ed8-56c0-a87f-741a-6cf17150caa0,observed_cash_balance_p10,-3316.724032106368
q00106,4db79ed8-56c0-a87f-741a-6cf17150caa0,recent_inquiries_count_6mo,6.0
q00107,4db79ed8-56c0-a87f-741a-6cf17150caa0,sector,2.0
q00108,58a759e1-b7a1-9889-3c95-5ec427ba139f,recent_inquiries_count_6mo,5.0
q00109,58a759e1-b7a1-9889-3c95-5ec427ba139f,employee_count_bucket,1.0
q00110,58a759e1-b7a1-9889-3c95-5ec427ba139f,platform_active_months,1.0
q00111,71f23c04-9b5b-1e2e-260a-018906003cbf,stated_time_in_business,4.507995062450913
q00112,71f23c04-9b5b-1e2e-260a-018906003cbf,owner_personal_credit_band,0.0
q00113,71f23c04-9b5b-1e2e-260a-018906003cbf,requested_amount,28612.27572279056
q00114,cbd5b68c-3033-8e6b-db65-a1ec58f616d7,geography_region,1.0
q00115,cbd5b68c-3033-8e6b-db65-a1ec58f616d7,existing_debt_obligations,7700.3306015711005
q00116,cbd5b68c-3033-8e6b-db65-a1ec58f616d7,stated_time_in_business,5.143534514181613
q00117,47d64a35-19aa-742f-a2c5-9e3b9213e08c,geography_region,0.0
q00118,47d64a35-19aa-742f-a2c5-9e3b9213e08c,observed_revenue_volatility,0.8303386678591889
q00119,47d64a35-19aa-742f-a2c5-9e3b9213e08c,application_channel,0.0
q00120,2216e935-ea26-af7a-6ffd-bf28a3d08589,multi_lender_inquiry_count_30d,2.0
q00121,2216e935-ea26-af7a-6ffd-bf28a3d08589,observed_revenue_trend_3mo,0.42652955939297094
q00122,2216e935-ea26-af7a-6ffd-bf28a3d08589,stated_time_in_business,2.809993522893963
q00123,4ca8ec33-469d-679c-7a82-7552cb70beaa,aggregate_credit_utilization,0.3522342723068631
q00124,4ca8ec33-469d-679c-7a82-7552cb70beaa,intended_use_of_funds,1.0
q00125,4ca8ec33-469d-679c-7a82-7552cb70beaa,observed_revenue_volatility,0.8699231912050633
q00126,bcd8ba78-df01-19fd-f9bd-b0989f7d871e,stated_time_in_business,4.622654407957549
q00127,bcd8ba78-df01-19fd-f9bd-b0989f7d871e,has_linked_bank_feed,1.0
q00128,bcd8ba78-df01-19fd-f9bd-b0989f7d871e,observed_overdraft_count_3mo,6.0
q00129,755fcc33-a4ed-a27a-8d4b-a4441ba11c9b,observed_cash_balance_p10,-2345.2136874688995
q00130,755fcc33-a4ed-a27a-8d4b-a4441ba11c9b,stated_time_in_business,5.041177817190861
q00131,755fcc33-a4ed-a27a-8d4b-a4441ba11c9b,recent_inquiries_count_6mo,4.0
q00132,b139d5a3-335a-62c2-ad6d-fd24215365d8,account_age_days,1056.0
q00133,b139d5a3-335a-62c2-ad6d-fd24215365d8,payroll_regularity_score,0.4968202427826862
q00134,b139d5a3-335a-62c2-ad6d-fd24215365d8,requested_amount,21571.046995684897
q00135,90bc0271-6bf7-ce07-ba8d-1064a4718efa,multi_lender_inquiry_count_30d,1.0
q00136,90bc0271-6bf7-ce07-ba8d-1064a4718efa,aggregate_credit_utilization,0.6341865312781033
q00137,90bc0271-6bf7-ce07-ba8d-1064a4718efa,recent_inquiries_count_6mo,1.0
q00138,b030f7e3-06f1-10cf-c117-faa33b2acb52,application_channel,2.0
q00139,b030f7e3-06f1-10cf-c117-faa33b2acb52,prior_loans_default_count,1.0
q00140,b030f7e3-06f1-10cf-c117-faa33b2acb52,observed_revenue_volatility,1.1230470212907717
q00141,e32b7f2b-de5b-d563-9451-65ada11448ae,invoice_payment_delinquency_rate,0.13643327444626455
q00142,e32b7f2b-de5b-d563-9451-65ada11448ae,owner_personal_credit_band,2.0
q00143,e32b7f2b-de5b-d563-9451-65ada11448ae,multi_lender_inquiry_count_30d,5.0
q00144,9761a1f8-f797-931b-892f-ee850ded935f,days_since_last_inquiry_elsewhere,10.029707135350119
q00145,9761a1f8-f797-931b-892f-ee850ded935f,requested_amount,26670.87894568541
q00146,9761a1f8-f797-931b-892f-ee850ded935f,observed_monthly_revenue_avg_3mo,108131.9610405543
q00147,f20c41b6-8fb5-ab4e-987b-079516879291,stated_annual_revenue,2650073.93252289
q00148,f20c41b6-8fb5-ab4e-987b-079516879291,prior_loans_default_count,2.0
q00149,f20c41b6-8fb5-ab4e-987b-079516879291,observed_cash_balance_p10,871.2335289170247
q00150,2408c3a0-a3bb-248b-7f49-9514e356cd7e,observed_overdraft_count_3mo,6.0
q00151,2408c3a0-a3bb-248b-7f49-9514e356cd7e,observed_revenue_trend_3mo,-0.7796005390572692
q00152,2408c3a0-a3bb-248b-7f49-9514e356cd7e,observed_cash_balance_p10,4103.929832965782
q00153,507d18c7-08f4-44b4-927b-7dfbca50253c,recent_inquiries_count_6mo,4.0
q00154,507d18c7-08f4-44b4-927b-7dfbca50253c,recent_inquiries_count_6mo,4.0
q00155,507d18c7-08f4-44b4-927b-7dfbca50253c,aggregate_credit_utilization,0.6452475248205272
q00156,48c9ff3c-48b2-2324-9a70-6613f786d694,sector,1.0
q00157,48c9ff3c-48b2-2324-9a70-6613f786d694,observed_revenue_trend_3mo,0.04183426966006829
q00158,48c9ff3c-48b2-2324-9a70-6613f786d694,intended_use_of_funds,2.0
q00159,4ae56ef9-2a08-52f8-477f-27b82e93c10e,bookkeeping_recency_days,18.92780203805835
q00160,4ae56ef9-2a08-52f8-477f-27b82e93c10e,observed_revenue_volatility,0.7090954522280659
q00161,4ae56ef9-2a08-52f8-477f-27b82e93c10e,application_channel,0.0
q00162,0c3ed855-0b69-f875-39dd-5550effe747c,existing_debt_obligations,10229.226525364134
q00163,0c3ed855-0b69-f875-39dd-5550effe747c,aggregate_credit_utilization,0.29135973912845103
q00164,0c3ed855-0b69-f875-39dd-5550effe747c,stated_time_in_business,4.754947999661194
q00165,311e8771-67b1-3a95-93a4-d6e574d35fd5,days_since_last_inquiry_elsewhere,93.10503309665188
q00166,311e8771-67b1-3a95-93a4-d6e574d35fd5,observed_revenue_volatility,0.7819442766164892
q00167,311e8771-67b1-3a95-93a4-d6e574d35fd5,existing_debt_obligations,5137.565785036415
q00168,92813b11-a697-51d4-18e2-37dba2cc31f4,aggregate_credit_utilization,0.3536897707499933
q00169,92813b11-a697-51d4-18e2-37dba2cc31f4,vintage_years,6.8336443973523835
q00170,92813b11-a697-51d4-18e2-37dba2cc31f4,prior_loans_count,2.0
q00171,40bc6c9d-2ca1-d477-c4f3-5e4b391dee79,observed_revenue_volatility,0.6626449451212321
q00172,40bc6c9d-2ca1-d477-c4f3-5e4b391dee79,invoice_payment_delinquency_rate,0.1900727939155417
q00173,40bc6c9d-2ca1-d477-c4f3-5e4b391dee79,observed_revenue_trend_3mo,0.9435563177584859
q00174,46a48a60-46cb-a1f3-08c3-11a18307b7b5,observed_monthly_revenue_avg_3mo,122130.40586882169
q00175,46a48a60-46cb-a1f3-08c3-11a18307b7b5,observed_revenue_volatility,0.70852373503168
q00176,46a48a60-46cb-a1f3-08c3-11a18307b7b5,days_since_last_inquiry_elsewhere,23.621994796726767
q00177,64a055b8-610a-4f59-9a03-1f5a35c7b3c2,owner_personal_credit_band,4.0
q00178,64a055b8-610a-4f59-9a03-1f5a35c7b3c2,invoice_payment_delinquency_rate,0.37089908728212373
q00179,64a055b8-610a-4f59-9a03-1f5a35c7b3c2,owner_personal_credit_band,0.0
q00180,c81ddf3d-593f-c5ea-5cec-cf26193407ed,account_age_days,368.0
q00181,c81ddf3d-593f-c5ea-5cec-cf26193407ed,multi_lender_inquiry_count_30d,3.0
q00182,c81ddf3d-593f-c5ea-5cec-cf26193407ed,observed_revenue_volatility,1.21668797718313
q00183,36be5aaf-04bc-7885-c6d3-29254ff3d8b2,application_channel,0.0
q00184,36be5aaf-04bc-7885-c6d3-29254ff3d8b2,days_since_last_inquiry_elsewhere,46.06265505974249
q00185,36be5aaf-04bc-7885-c6d3-29254ff3d8b2,observed_monthly_revenue_avg_3mo,132482.79037300058
q00186,0206cd2a-b367-741a-7dbf-ff6a34b4c1ae,stated_time_in_business,5.323226873276401
q00187,0206cd2a-b367-741a-7dbf-ff6a34b4c1ae,existing_debt_obligations,6299.582033928758
q00188,0206cd2a-b367-741a-7dbf-ff6a34b4c1ae,requested_amount,23388.63567866921
q00189,776a5438-8764-44fc-92a1-1b12afc2932d,observed_monthly_revenue_avg_3mo,267727.07754138735
q00190,776a5438-8764-44fc-92a1-1b12afc2932d,stated_time_in_business,2.1633110082200164
q00191,776a5438-8764-44fc-92a1-1b12afc2932d,vintage_years,4.599508932396062
q00192,5b8b1b9d-c82a-b4b2-792d-0fa50faf9f88,observed_overdraft_count_3mo,1.0
q00193,5b8b1b9d-c82a-b4b2-792d-0fa50faf9f88,invoice_payment_delinquency_rate,0.19227525512234664
q00194,5b8b1b9d-c82a-b4b2-792d-0fa50faf9f88,account_age_days,3527.0
q00195,d46b33d1-6673-852f-1a64-0a707b411a71,requested_amount,24476.840073601044
q00196,d46b33d1-6673-852f-1a64-0a707b411a71,invoice_payment_delinquency_rate,0.34880194367625467
q00197,d46b33d1-6673-852f-1a64-0a707b411a71,stated_time_in_business,4.363461085929298
q00198,33f9864f-a464-faff-45df-ec27c2248c46,observed_revenue_volatility,1.5404880442759417
q00199,33f9864f-a464-faff-45df-ec27c2248c46,multi_lender_inquiry_count_30d,4.0
q00200,33f9864f-a464-faff-45df-ec27c2248c46,account_age_days,2871.0
q00201,be13ed49-fb28-5944-d36d-59761210bcf5,stated_time_in_business,6.959681424898362
q00202,be13ed49-fb28-5944-d36d-59761210bcf5,recent_inquiries_count_6mo,2.0
q00203,be13ed49-fb28-5944-d36d-59761210bcf5,intended_use_of_funds,2.0
q00204,9564b52b-122c-7548-6b88-c7e1a0a15cea,employee_count_bucket,3.0
q00205,9564b52b-122c-7548-6b88-c7e1a0a15cea,stated_time_in_business,6.314250414065117
q00206,9564b52b-122c-7548-6b88-c7e1a0a15cea,owner_personal_credit_band,1.0
q00207,67bc1c75-3790-91e8-7481-c70a2e3c6c3d,observed_overdraft_count_3mo,2.0
q00208,67bc1c75-3790-91e8-7481-c70a2e3c6c3d,stated_annual_revenue,2189270.417384631
q00209,67bc1c75-3790-91e8-7481-c70a2e3c6c3d,account_age_days,2308.0
q00210,3c083eb2-4dfb-91ee-c2b5-872308478b9c,existing_debt_obligations,7486.221155820507
q00211,3c083eb2-4dfb-91ee-c2b5-872308478b9c,aggregate_credit_utilization,0.5337424468320462
q00212,3c083eb2-4dfb-91ee-c2b5-872308478b9c,sector,2.0
q00213,56ef02c5-fcd3-310e-e14c-c00b0443eaad,existing_debt_obligations,7061.007318385673
q00214,56ef02c5-fcd3-310e-e14c-c00b0443eaad,owner_personal_credit_band,1.0
q00215,56ef02c5-fcd3-310e-e14c-c00b0443eaad,aggregate_credit_utilization,0.4926826585903652
q00216,c5e50753-59fa-6703-7175-deaee5e23b95,observed_revenue_trend_3mo,-0.15768036345516837
q00217,c5e50753-59fa-6703-7175-deaee5e23b95,observed_overdraft_count_3mo,6.0
q00218,c5e50753-59fa-6703-7175-deaee5e23b95,observed_cash_balance_p10,-1179.1770025188368
q00219,f3debca8-e2bc-59a2-25e0-49e9577cbf14,stated_time_in_business,11.373413947400254
q00220,f3debca8-e2bc-59a2-25e0-49e9577cbf14,observed_revenue_trend_3mo,1.080022930188857
q00221,f3debca8-e2bc-59a2-25e0-49e9577cbf14,invoice_payment_delinquency_rate,0.12772194274556853
q00222,7776087d-747f-4c5c-96ad-dc5103039341,observed_cash_balance_p10,-1888.6269172899567
q00223,7776087d-747f-4c5c-96ad-dc5103039341,payroll_regularity_score,0.6161296049506682
q00224,7776087d-747f-4c5c-96ad-dc5103039341,has_linked_bank_feed,1.0
q00225,88500662-5b88-6866-d017-e5113eeb4b3d,stated_annual_revenue,2072465.3173264086
q00226,88500662-5b88-6866-d017-e5113eeb4b3d,requested_amount,21793.182650486022
q00227,88500662-5b88-6866-d017-e5113eeb4b3d,observed_overdraft_count_3mo,2.0
q00228,88a90c63-5492-d61a-e88b-cf24bb88ef25,observed_cash_balance_p10,-521.0639758004876
q00229,88a90c63-5492-d61a-e88b-cf24bb88ef25,aggregate_credit_utilization,0.43449006867168505
q00230,88a90c63-5492-d61a-e88b-cf24bb88ef25,aggregate_credit_utilization,0.5388435684528934
q00231,86fcc0b8-bd08-9265-5d39-c414cbd0e222,requested_amount,24971.251357637113
q00232,86fcc0b8-bd08-9265-5d39-c414cbd0e222,owner_personal_credit_band,2.0
q00233,86fcc0b8-bd08-9265-5d39-c414cbd0e222,observed_cash_balance_p10,-302.53939278077286
q00234,e7db3391-ef87-d99a-1374-5d030936a510,existing_debt_obligations,5188.038937398611
q00235,e7db3391-ef87-d99a-1374-5d030936a510,vintage_years,9.239088921397176
q00236,e7db3391-ef87-d99a-1374-5d030936a510,stated_time_in_business,2.4299786937321266
q00237,c0ffab60-2738-1513-304e-12911460a235,requested_amount,21638.486466002203
q00238,c0ffab60-2738-1513-304e-12911460a235,observed_revenue_trend_3mo,-0.5468573994243153
q00239,c0ffab60-2738-1513-304e-12911460a235,owner_personal_credit_band,0.0
q00240,38d37642-626b-b6c2-23da-4db0734a4c4a,multi_lender_inquiry_count_30d,1.0
q00241,38d37642-626b-b6c2-23da-4db0734a4c4a,stated_time_in_business,7.9484528317325704
q00242,38d37642-626b-b6c2-23da-4db0734a4c4a,owner_personal_credit_band,1.0
q00243,5af7a461-f595-df0d-1d38-467e2535baee,observed_revenue_trend_3mo,-0.36080353255241737
q00244,5af7a461-f595-df0d-1d38-467e2535baee,owner_personal_credit_band,2.0
q00245,5af7a461-f595-df0d-1d38-467e2535baee,observed_overdraft_count_3mo,1.0
q00246,80080bd7-272c-92a6-22e5-ef65be5a5a57,application_channel,1.0
q00247,80080bd7-272c-92a6-22e5-ef65be5a5a57,days_since_last_external_decline,74.88247827986089
q00248,80080bd7-272c-92a6-22e5-ef65be5a5a57,aggregate_credit_utilization,0.6703821878995344
q00249,ec4c5d2a-dcee-d7ca-4c1e-a84e7432a2c5,observed_monthly_revenue_avg_3mo,196780.09070372535
q00250,ec4c5d2a-dcee-d7ca-4c1e-a84e7432a2c5,existing_debt_obligations,8095.009634813058
q00251,ec4c5d2a-dcee-d7ca-4c1e-a84e7432a2c5,existing_debt_obligations,6934.102127004474
q00252,1bbed6f4-7b9c-9ca8-3afe-5cabec10152c,observed_cash_balance_p10,-1656.3415259201174
q00253,1bbed6f4-7b9c-9ca8-3afe-5cabec10152c,observed_revenue_trend_3mo,0.8248771241088948
q00254,1bbed6f4-7b9c-9ca8-3afe-5cabec10152c,recent_inquiries_count_6mo,6.0
q00255,1c0e75c0-1f38-656a-ab69-2c30c0804fc4,observed_revenue_trend_3mo,0.852875890343256
q00256,1c0e75c0-1f38-656a-ab69-2c30c0804fc4,platform_active_months,4.0
q00257,1c0e75c0-1f38-656a-ab69-2c30c0804fc4,recent_inquiries_count_6mo,1.0
q00258,d3fc48a5-46c0-488b-7e55-b5b24a2263a6,observed_monthly_revenue_avg_3mo,106212.16125354919
q00259,d3fc48a5-46c0-488b-7e55-b5b24a2263a6,observed_revenue_trend_3mo,0.0822592618568617
q00260,d3fc48a5-46c0-488b-7e55-b5b24a2263a6,intended_use_of_funds,3.0
q00261,acefda66-be55-cef9-df63-40a158c11a41,existing_debt_obligations,6252.710700648196
q00262,acefda66-be55-cef9-df63-40a158c11a41,stated_time_in_business,3.7092218589914348
q00263,acefda66-be55-cef9-df63-40a158c11a41,existing_debt_obligations,6200.59349227736
q00264,ce6ef1fa-ee27-c866-ef6f-0e250af31699,observed_revenue_volatility,1.8459258713007198
q00265,ce6ef1fa-ee27-c866-ef6f-0e250af31699,invoice_payment_delinquency_rate,0.4145433837812768
q00266,ce6ef1fa-ee27-c866-ef6f-0e250af31699,owner_personal_credit_band,4.0
q00267,4d51e90b-2511-862e-7ac0-8e516be9be09,existing_debt_obligations,6848.849809368083
q00268,4d51e90b-2511-862e-7ac0-8e516be9be09,invoice_payment_delinquency_rate,0.338294099557953
q00269,4d51e90b-2511-862e-7ac0-8e516be9be09,application_channel,2.0
q00270,eee6e6fc-a8d2-479b-c2cb-a28948955895,platform_active_months,10.0
q00271,eee6e6fc-a8d2-479b-c2cb-a28948955895,observed_revenue_volatility,0.6114597070983228
q00272,eee6e6fc-a8d2-479b-c2cb-a28948955895,sector,0.0
q00273,a7e453cb-2441-a73e-0b66-0d0202e1e68c,multi_lender_inquiry_count_30d,2.0
q00274,a7e453cb-2441-a73e-0b66-0d0202e1e68c,application_channel,2.0
q00275,a7e453cb-2441-a73e-0b66-0d0202e1e68c,employee_count_bucket,3.0
q00276,f5d5f348-fb20-abb5-97c5-1de3b8747aa5,stated_time_in_business,7.633077844961642
q00277,f5d5f348-fb20-abb5-97c5-1de3b8747aa5,requested_amount,20920.55160272679
q00278,f5d5f348-fb20-abb5-97c5-1de3b8747aa5,bookkeeping_recency_days,13.084716649846534
q00279,cf4f9ae9-2650-6357-7c9c-2f9b3ad00a7c,observed_revenue_volatility,0.7390648889882384
q00280,cf4f9ae9-2650-6357-7c9c-2f9b3ad00a7c,stated_time_in_business,2.543982431996276
q00281,cf4f9ae9-2650-6357-7c9c-2f9b3ad00a7c,prior_loans_default_count,1.0
q00282,3e757d79-4725-b4d8-9736-806eb8c61414,observed_overdraft_count_3mo,3.0
q00283,3e757d79-4725-b4d8-9736-806eb8c61414,owner_personal_credit_band,4.0
q00284,3e757d79-4725-b4d8-9736-806eb8c61414,observed_revenue_trend_3mo,0.9615981710106096
q00285,14d97d5e-e20a-beee-0c43-54d90db75c06,existing_debt_obligations,6091.485234210329
q00286,14d97d5e-e20a-beee-0c43-54d90db75c06,observed_cash_balance_p10,1227.9859537382947
q00287,14d97d5e-e20a-beee-0c43-54d90db75c06,observed_revenue_trend_3mo,-0.7819904393830645
q00288,d9d55f55-dc00-7334-40c5-60e9fb1f9f73,intended_use_of_funds,2.0
q00289,d9d55f55-dc00-7334-40c5-60e9fb1f9f73,observed_overdraft_count_3mo,6.0
q00290,d9d55f55-dc00-7334-40c5-60e9fb1f9f73,observed_overdraft_count_3mo,0.0
q00291,d3bfbe01-0bc9-67a1-6e67-b87d3efedae7,observed_monthly_revenue_avg_3mo,141866.1008605629
q00292,d3bfbe01-0bc9-67a1-6e67-b87d3efedae7,aggregate_credit_utilization,0.5718653234367229
q00293,d3bfbe01-0bc9-67a1-6e67-b87d3efedae7,invoice_payment_delinquency_rate,0.15724310992307516
q00294,d8d1bb44-2ed6-01c9-4b84-a5e2be150ce4,employee_count_bucket,2.0
q00295,d8d1bb44-2ed6-01c9-4b84-a5e2be150ce4,geography_region,1.0
q00296,d8d1bb44-2ed6-01c9-4b84-a5e2be150ce4,observed_monthly_revenue_avg_3mo,177947.0332658593
q00297,84b2a6bd-9aab-c7d7-751b-0fbf5b86f569,observed_revenue_trend_3mo,1.1018708356290177
q00298,84b2a6bd-9aab-c7d7-751b-0fbf5b86f569,requested_amount,25162.23824587362
q00299,84b2a6bd-9aab-c7d7-751b-0fbf5b86f569,invoice_payment_delinquency_rate,0.29133812038625917
q00300,6c9b6c52-0ce1-a900-e00e-42c803f3cc6f,observed_overdraft_count_3mo,6.0
q00301,6c9b6c52-0ce1-a900-e00e-42c803f3cc6f,days_since_last_external_decline,11.77855277766246
q00302,6c9b6c52-0ce1-a900-e00e-42c803f3cc6f,invoice_payment_delinquency_rate,0.18052724562582412
q00303,8306dd1b-cccf-29cc-7d61-e20c0ed76175,requested_amount,21512.581253462573
q00304,8306dd1b-cccf-29cc-7d61-e20c0ed76175,invoice_payment_delinquency_rate,0.10196111392653767
q00305,8306dd1b-cccf-29cc-7d61-e20c0ed76175,vintage_years,6.1800644764972565
q00306,2f4b161c-bb0c-7294-3291-54006420da95,prior_loans_default_count,0.0
q00307,2f4b161c-bb0c-7294-3291-54006420da95,observed_overdraft_count_3mo,1.0
q00308,2f4b161c-bb0c-7294-3291-54006420da95,days_since_last_inquiry_elsewhere,12.819155645579077
q00309,f97dc755-077c-7b98-a630-c1ca2ba19df6,observed_revenue_trend_3mo,-0.27138070076304566
q00310,f97dc755-077c-7b98-a630-c1ca2ba19df6,observed_revenue_volatility,1.1059545908824557
q00311,f97dc755-077c-7b98-a630-c1ca2ba19df6,intended_use_of_funds,1.0
q00312,357cddbb-8962-ab36-ecc9-a1df56b448ed,vintage_years,8.130559494838257
q00313,357cddbb-8962-ab36-ecc9-a1df56b448ed,recent_inquiries_count_6mo,5.0
q00314,357cddbb-8962-ab36-ecc9-a1df56b448ed,owner_personal_credit_band,2.0
q00315,913b1fe0-4869-c930-9f2f-edfe25eb90be,bookkeeping_recency_days,11.723383514238552
q00316,913b1fe0-4869-c930-9f2f-edfe25eb90be,requested_amount,30639.084077588188
q00317,913b1fe0-4869-c930-9f2f-edfe25eb90be,has_linked_bank_feed,1.0
q00318,c9bcd0e9-e8a6-1153-7e60-844f72221cd6,observed_cash_balance_p10,1791.77325857518
q00319,c9bcd0e9-e8a6-1153-7e60-844f72221cd6,recent_inquiries_count_6mo,2.0
q00320,c9bcd0e9-e8a6-1153-7e60-844f72221cd6,existing_debt_obligations,9823.530635516236
q00321,64be5c6f-aeec-4458-dc59-f5a22ac3e7a3,invoice_payment_delinquency_rate,0.2854356600295877
q00322,64be5c6f-aeec-4458-dc59-f5a22ac3e7a3,existing_debt_obligations,10131.905466625514
q00323,64be5c6f-aeec-4458-dc59-f5a22ac3e7a3,observed_revenue_trend_3mo,-0.3241647974487074
q00324,d42056f9-5bb8-4f5e-5c84-8f5acfaa281a,stated_time_in_business,2.3718762008663457
q00325,d42056f9-5bb8-4f5e-5c84-8f5acfaa281a,observed_overdraft_count_3mo,4.0
q00326,d42056f9-5bb8-4f5e-5c84-8f5acfaa281a,owner_personal_credit_band,2.0
q00327,16be7c94-9e99-c8a1-1c8c-398215c0a77c,aggregate_credit_utilization,0.7757423264039979
q00328,16be7c94-9e99-c8a1-1c8c-398215c0a77c,platform_active_months,22.0
q00329,16be7c94-9e99-c8a1-1c8c-398215c0a77c,aggregate_credit_utilization,0.7269856445236119
q00330,3d17b29e-a183-48da-8373-76460b468997,observed_overdraft_count_3mo,0.0
q00331,3d17b29e-a183-48da-8373-76460b468997,existing_debt_obligations,7733.345357269634
q00332,3d17b29e-a183-48da-8373-76460b468997,invoice_payment_delinquency_rate,0.3640762116135115
q00333,c0579189-55d6-47b8-8c52-8ce52a343994,existing_debt_obligations,9232.708427618058
q00334,c0579189-55d6-47b8-8c52-8ce52a343994,sector,4.0
q00335,c0579189-55d6-47b8-8c52-8ce52a343994,recent_inquiries_count_6mo,6.0
q00336,082d39db-a04c-3204-765a-e29c395d0267,aggregate_credit_utilization,0.23551070121804726
q00337,082d39db-a04c-3204-765a-e29c395d0267,observed_cash_balance_p10,1875.4409025945215
q00338,082d39db-a04c-3204-765a-e29c395d0267,platform_active_months,21.0
q00339,0d677ce8-61ee-da45-f24c-193d9e5e1e80,platform_active_months,26.0
q00340,0d677ce8-61ee-da45-f24c-193d9e5e1e80,stated_annual_revenue,3397099.3790712347
q00341,0d677ce8-61ee-da45-f24c-193d9e5e1e80,observed_monthly_revenue_avg_3mo,357228.0541466198
q00342,8b98386e-a006-0953-37e5-2236bcf4ec34,aggregate_credit_utilization,0.43097372492714286
q00343,8b98386e-a006-0953-37e5-2236bcf4ec34,observed_cash_balance_p10,13.217718025397458
q00344,8b98386e-a006-0953-37e5-2236bcf4ec34,observed_revenue_volatility,0.8822604930892746
q00345,4d12491a-ae9b-c0b5-79e8-2336c13bc9b6,account_age_days,268.0
q00346,4d12491a-ae9b-c0b5-79e8-2336c13bc9b6,recent_inquiries_count_6mo,2.0
q00347,4d12491a-ae9b-c0b5-79e8-2336c13bc9b6,observed_cash_balance_p10,1048.8414308892452
q00348,e1abfe15-277d-6d2a-d8df-2fecb4a49d30,observed_monthly_revenue_avg_3mo,274844.89623998204
q00349,e1abfe15-277d-6d2a-d8df-2fecb4a49d30,recent_inquiries_count_6mo,6.0
q00350,e1abfe15-277d-6d2a-d8df-2fecb4a49d30,observed_revenue_volatility,0.6929983352316544
q00351,aa8481ad-62ca-0a4d-0cfc-21bf05d74862,multi_lender_inquiry_count_30d,4.0
q00352,aa8481ad-62ca-0a4d-0cfc-21bf05d74862,stated_time_in_business,6.11362286820707
q00353,aa8481ad-62ca-0a4d-0cfc-21bf05d74862,observed_revenue_volatility,1.528099972517996
q00354,4d87133a-d525-6d14-1caa-cdfb86e5e790,invoice_payment_delinquency_rate,0.1435421282556543
q00355,4d87133a-d525-6d14-1caa-cdfb86e5e790,stated_time_in_business,7.98001497319993
q00356,4d87133a-d525-6d14-1caa-cdfb86e5e790,observed_overdraft_count_3mo,1.0
q00357,1b5e6d21-1b9b-b946-8339-b896f6397357,invoice_payment_delinquency_rate,0.17484408970113172
q00358,1b5e6d21-1b9b-b946-8339-b896f6397357,observed_overdraft_count_3mo,2.0
q00359,1b5e6d21-1b9b-b946-8339-b896f6397357,observed_cash_balance_p10,1283.7440507403041
q00360,4b3320b4-892f-7d81-e9a2-4b999ae09cdd,observed_cash_balance_p10,-796.6505991908537
q00361,4b3320b4-892f-7d81-e9a2-4b999ae09cdd,multi_lender_inquiry_count_30d,5.0
q00362,4b3320b4-892f-7d81-e9a2-4b999ae09cdd,stated_time_in_business,6.01311923547381
q00363,0396e9a7-7721-c479-62aa-9638b589c3e2,employee_count_bucket,1.0
q00364,0396e9a7-7721-c479-62aa-9638b589c3e2,owner_personal_credit_band,3.0
q00365,0396e9a7-7721-c479-62aa-9638b589c3e2,days_since_last_inquiry_elsewhere,70.04411656586528
q00366,a73babbd-1f6a-1129-5df4-a4e7edabd6a5,invoice_payment_delinquency_rate,0.09311405436808029
q00367,a73babbd-1f6a-1129-5df4-a4e7edabd6a5,recent_inquiries_count_6mo,1.0
q00368,a73babbd-1f6a-1129-5df4-a4e7edabd6a5,multi_lender_inquiry_count_30d,0.0
q00369,f6c3309d-26ff-1c5f-af85-278a679a4129,observed_revenue_volatility,1.8160529453155871
q00370,f6c3309d-26ff-1c5f-af85-278a679a4129,observed_cash_balance_p10,-1058.9263400298944
q00371,f6c3309d-26ff-1c5f-af85-278a679a4129,stated_time_in_business,11.318917815567758
q00372,07beab4a-5422-40ac-c411-470c336924e0,prior_loans_default_count,2.0
q00373,07beab4a-5422-40ac-c411-470c336924e0,observed_revenue_trend_3mo,-0.6402393609142785
q00374,07beab4a-5422-40ac-c411-470c336924e0,observed_revenue_trend_3mo,-0.38424410047188096
q00375,56319cf9-08c7-bcec-d78d-4b2f4381a524,owner_personal_credit_band,4.0
q00376,56319cf9-08c7-bcec-d78d-4b2f4381a524,observed_revenue_trend_3mo,0.085260696622762
q00377,56319cf9-08c7-bcec-d78d-4b2f4381a524,stated_annual_revenue,3295248.7523118434
q00378,9aa36a45-1f3e-3e9f-518f-10b6b947f3cc,observed_revenue_volatility,1.3983246309133452
q00379,9aa36a45-1f3e-3e9f-518f-10b6b947f3cc,existing_debt_obligations,6030.60639180901
q00380,9aa36a45-1f3e-3e9f-518f-10b6b947f3cc,aggregate_credit_utilization,0.5278330453594962
q00381,83da4c8c-4f85-5b8f-c956-1ebc4c807015,aggregate_credit_utilization,0.45091851927628834
q00382,83da4c8c-4f85-5b8f-c956-1ebc4c807015,observed_cash_balance_p10,2291.842790712165
q00383,83da4c8c-4f85-5b8f-c956-1ebc4c807015,invoice_payment_delinquency_rate,0.07097841408294159
q00384,631e779d-aeaf-88cd-3c68-25d75690a015,existing_debt_obligations,5627.657100064433
q00385,631e779d-aeaf-88cd-3c68-25d75690a015,requested_amount,22440.4095322142
q00386,631e779d-aeaf-88cd-3c68-25d75690a015,application_channel,2.0
q00387,305f850b-767d-97ba-0be4-e182c764f4d8,application_channel,0.0
q00388,305f850b-767d-97ba-0be4-e182c764f4d8,requested_amount,24844.077562583116
q00389,305f850b-767d-97ba-0be4-e182c764f4d8,prior_loans_amount_total,0.0
q00390,39de1426-9bec-ef1d-e2e6-020db492cab6,application_channel,2.0
q00391,39de1426-9bec-ef1d-e2e6-020db492cab6,owner_personal_credit_band,0.0
q00392,39de1426-9bec-ef1d-e2e6-020db492cab6,observed_cash_balance_p10,-1944.1148892156566
q00393,81c0b56b-676d-e918-fb06-1264a559f857,aggregate_credit_utilization,0.5385306273145765
q00394,81c0b56b-676d-e918-fb06-1264a559f857,days_since_last_inquiry_elsewhere,7.101114681681465
q00395,81c0b56b-676d-e918-fb06-1264a559f857,recent_inquiries_count_6mo,6.0
q00396,10be1069-fba4-69ac-756d-1120a18ed730,observed_revenue_volatility,1.1351835818405969
q00397,10be1069-fba4-69ac-756d-1120a18ed730,requested_amount,19390.49432791309
q00398,10be1069-fba4-69ac-756d-1120a18ed730,recent_inquiries_count_6mo,6.0
q00399,ca9d3486-9887-e9d8-3735-980b8cf79c11,stated_time_in_business,6.010373373925232
q00400,ca9d3486-9887-e9d8-3735-980b8cf79c11,existing_debt_obligations,5159.7231616295185
q00401,ca9d3486-9887-e9d8-3735-980b8cf79c11,observed_overdraft_count_3mo,0.0
q00402,96cc37d4-86a0-917d-3c56-ca96425366fd,observed_monthly_revenue_avg_3mo,129210.36652511233
q00403,96cc37d4-86a0-917d-3c56-ca96425366fd,aggregate_credit_utilization,0.4982104862243232
q00404,96cc37d4-86a0-917d-3c56-ca96425366fd,stated_time_in_business,8.889490108755878
q00405,e9f46ce4-6f94-cb0e-8bc3-f1e5392c273f,recent_inquiries_count_6mo,4.0
q00406,e9f46ce4-6f94-cb0e-8bc3-f1e5392c273f,stated_annual_revenue,1465462.2218471451
q00407,e9f46ce4-6f94-cb0e-8bc3-f1e5392c273f,payroll_regularity_score,0.3639152919331955
q00408,9a525436-2f8d-187f-419b-696188fd51fa,multi_lender_inquiry_count_30d,1.0
q00409,9a525436-2f8d-187f-419b-696188fd51fa,observed_overdraft_count_3mo,1.0
q00410,9a525436-2f8d-187f-419b-696188fd51fa,stated_annual_revenue,1290586.5020488738
q00411,009676a7-2600-aa92-5626-70cfa7c42442,stated_annual_revenue,4264723.344238325
q00412,009676a7-2600-aa92-5626-70cfa7c42442,observed_revenue_trend_3mo,-0.48271237093134983
q00413,009676a7-2600-aa92-5626-70cfa7c42442,platform_active_months,16.0
q00414,380ad579-2b2e-b7e9-f045-13fc770e1dcb,observed_cash_balance_p10,-2812.7083234580873
q00415,380ad579-2b2e-b7e9-f045-13fc770e1dcb,observed_overdraft_count_3mo,2.0
q00416,380ad579-2b2e-b7e9-f045-13fc770e1dcb,observed_monthly_revenue_avg_3mo,224540.7233436254
q00417,ad852302-f9b6-ec32-195b-e38ecaf6da21,observed_cash_balance_p10,-3306.6136286996357
q00418,ad852302-f9b6-ec32-195b-e38ecaf6da21,observed_monthly_revenue_avg_3mo,87001.49645542698
q00419,ad852302-f9b6-ec32-195b-e38ecaf6da21,days_since_last_inquiry_elsewhere,32.70846293463941
q00420,6e224f11-9576-6604-07a6-c27172c281d9,application_channel,1.0
q00421,6e224f11-9576-6604-07a6-c27172c281d9,stated_time_in_business,10.479803674737775
q00422,6e224f11-9576-6604-07a6-c27172c281d9,stated_annual_revenue,2205955.688964739
q00423,1af149a4-cb19-72ac-d619-73744dd54f38,observed_revenue_volatility,1.1945976099492763
q00424,1af149a4-cb19-72ac-d619-73744dd54f38,recent_inquiries_count_6mo,0.0
q00425,1af149a4-cb19-72ac-d619-73744dd54f38,observed_overdraft_count_3mo,3.0
q00426,2b815ab6-ccca-b9b7-6292-c548d0ab008a,existing_debt_obligations,8813.239760735214
q00427,2b815ab6-ccca-b9b7-6292-c548d0ab008a,account_age_days,3422.0
q00428,2b815ab6-ccca-b9b7-6292-c548d0ab008a,observed_cash_balance_p10,-884.9747611381487
q00429,a308393e-b5a2-00d7-121b-01de87dd2319,invoice_payment_delinquency_rate,0.224696901882907
q00430,a308393e-b5a2-00d7-121b-01de87dd2319,invoice_payment_delinquency_rate,0.19198166222135035
q00431,a308393e-b5a2-00d7-121b-01de87dd2319,days_since_last_external_decline,9.731568907285169
q00432,06635d6e-f618-2a93-d46c-fb4fd1faf115,stated_time_in_business,2.1876159576542675
q00433,06635d6e-f618-2a93-d46c-fb4fd1faf115,requested_amount,21726.921673126544
q00434,06635d6e-f618-2a93-d46c-fb4fd1faf115,observed_monthly_revenue_avg_3mo,111961.33598114405
q00435,e3d680cb-b058-ce07-51f8-c1c723607902,aggregate_credit_utilization,0.8202290644347179
q00436,e3d680cb-b058-ce07-51f8-c1c723607902,invoice_payment_delinquency_rate,0.22672842759782677
q00437,e3d680cb-b058-ce07-51f8-c1c723607902,stated_time_in_business,6.166183850604615
q00438,a3e703b1-65ac-1ddd-4875-148c238a097f,aggregate_credit_utilization,0.7622955594203734
q00439,a3e703b1-65ac-1ddd-4875-148c238a097f,observed_revenue_volatility,1.2192933821735785
q00440,a3e703b1-65ac-1ddd-4875-148c238a097f,application_channel,2.0
q00441,7b1a27a0-2b09-0f34-3676-316e8915f379,observed_monthly_revenue_avg_3mo,167711.27005422625
q00442,7b1a27a0-2b09-0f34-3676-316e8915f379,application_channel,2.0
q00443,7b1a27a0-2b09-0f34-3676-316e8915f379,invoice_payment_delinquency_rate,0.33421512675804976
q00444,06f9287f-9e04-4db2-4f83-4fcfdbd55520,application_channel,2.0
q00445,06f9287f-9e04-4db2-4f83-4fcfdbd55520,stated_time_in_business,2.2377997712592603
q00446,06f9287f-9e04-4db2-4f83-4fcfdbd55520,recent_inquiries_count_6mo,4.0
q00447,2e72a12f-0f04-c2ac-32f0-bd9d55d8d68a,existing_debt_obligations,7457.510453157747
q00448,2e72a12f-0f04-c2ac-32f0-bd9d55d8d68a,multi_lender_inquiry_count_30d,2.0
q00449,2e72a12f-0f04-c2ac-32f0-bd9d55d8d68a,stated_time_in_business,7.328055956728631
q00450,52eadfdd-3084-e1aa-0d0e-bf8f974eae63,existing_debt_obligations,14675.398698234938
q00451,52eadfdd-3084-e1aa-0d0e-bf8f974eae63,owner_personal_credit_band,4.0
q00452,52eadfdd-3084-e1aa-0d0e-bf8f974eae63,observed_revenue_trend_3mo,0.7682375744086313
q00453,471a3117-583f-7486-c3c3-03bbfa61e242,requested_amount,29249.711474907086
q00454,471a3117-583f-7486-c3c3-03bbfa61e242,stated_time_in_business,7.766347494926595
q00455,471a3117-583f-7486-c3c3-03bbfa61e242,observed_monthly_revenue_avg_3mo,76838.42806806603
q00456,ac8bccda-55ac-af2c-ba1f-5a77314be253,owner_personal_credit_band,0.0
q00457,ac8bccda-55ac-af2c-ba1f-5a77314be253,stated_annual_revenue,1531939.0714504991
q00458,ac8bccda-55ac-af2c-ba1f-5a77314be253,days_since_last_inquiry_elsewhere,17.027669776734324
q00459,5ce42dbd-f531-fa9c-7ce2-32af576bae0b,requested_amount,18726.44645935468
q00460,5ce42dbd-f531-fa9c-7ce2-32af576bae0b,stated_time_in_business,8.320551340662195
q00461,5ce42dbd-f531-fa9c-7ce2-32af576bae0b,prior_loans_amount_total,9952.452893062897
q00462,4b902b89-da74-92d7-ae93-ae941cb6a47b,stated_annual_revenue,1544944.8088335432
q00463,4b902b89-da74-92d7-ae93-ae941cb6a47b,owner_personal_credit_band,1.0
q00464,4b902b89-da74-92d7-ae93-ae941cb6a47b,stated_time_in_business,3.2254902855332994
q00465,6c9c1a38-e225-4b80-6c33-6c44dc21de2e,observed_overdraft_count_3mo,2.0
q00466,6c9c1a38-e225-4b80-6c33-6c44dc21de2e,geography_region,3.0
q00467,6c9c1a38-e225-4b80-6c33-6c44dc21de2e,vintage_years,5.661326654820717
q00468,1c914c74-140e-2ed1-8454-ab9114fcac39,stated_time_in_business,11.789933905957222
q00469,1c914c74-140e-2ed1-8454-ab9114fcac39,observed_revenue_trend_3mo,-0.6740640180042282
q00470,1c914c74-140e-2ed1-8454-ab9114fcac39,owner_personal_credit_band,4.0
q00471,908d7155-5c4d-3158-1197-67994bfea152,application_channel,1.0
q00472,908d7155-5c4d-3158-1197-67994bfea152,observed_overdraft_count_3mo,1.0
q00473,908d7155-5c4d-3158-1197-67994bfea152,observed_monthly_revenue_avg_3mo,191695.9063355201
q00474,cdd47884-27e6-9091-f8d1-be2120cd02c4,vintage_years,3.4316114116971543
q00475,cdd47884-27e6-9091-f8d1-be2120cd02c4,observed_revenue_volatility,1.582368981832443
q00476,cdd47884-27e6-9091-f8d1-be2120cd02c4,platform_active_months,3.0
q00477,804a5bbf-66a1-5ebb-c21d-a581dbc32d53,invoice_payment_delinquency_rate,0.15939627549274502
q00478,804a5bbf-66a1-5ebb-c21d-a581dbc32d53,observed_cash_balance_p10,3817.0794197170303
q00479,804a5bbf-66a1-5ebb-c21d-a581dbc32d53,vintage_years,6.759581827043215
q00480,cf0eb386-65e8-df23-1389-a05b94ae4d85,observed_cash_balance_p10,-155.6722575223975
q00481,cf0eb386-65e8-df23-1389-a05b94ae4d85,stated_time_in_business,6.513555034051154
q00482,cf0eb386-65e8-df23-1389-a05b94ae4d85,aggregate_credit_utilization,0.7901531499548835
q00483,c2b9ffc2-72f3-a6ad-58e0-6446a51006fa,platform_active_months,13.0
q00484,c2b9ffc2-72f3-a6ad-58e0-6446a51006fa,observed_revenue_trend_3mo,-0.5759029308706303
q00485,c2b9ffc2-72f3-a6ad-58e0-6446a51006fa,recent_inquiries_count_6mo,2.0
q00486,35ebf97e-e72c-53e2-3ca7-96988396c6a0,observed_revenue_trend_3mo,-0.8606912412129868
q00487,35ebf97e-e72c-53e2-3ca7-96988396c6a0,payroll_regularity_score,0.3724833749872072
q00488,35ebf97e-e72c-53e2-3ca7-96988396c6a0,aggregate_credit_utilization,0.5491045426558853
q00489,ffd9618e-4b4b-d7e7-90b9-8b038f26d919,observed_cash_balance_p10,216.5231890612432
q00490,ffd9618e-4b4b-d7e7-90b9-8b038f26d919,multi_lender_inquiry_count_30d,1.0
q00491,ffd9618e-4b4b-d7e7-90b9-8b038f26d919,observed_revenue_trend_3mo,0.36266686917695157
q00492,8ad89abd-db03-91c2-efa6-f0d496b93c42,application_channel,1.0
q00493,8ad89abd-db03-91c2-efa6-f0d496b93c42,owner_personal_credit_band,3.0
q00494,8ad89abd-db03-91c2-efa6-f0d496b93c42,invoice_payment_delinquency_rate,0.19267467549166323
q00495,8f50878c-df9f-332c-265b-3a2fde61ed16,stated_annual_revenue,1916080.5868793996
q00496,8f50878c-df9f-332c-265b-3a2fde61ed16,observed_cash_balance_p10,-1152.3794819588759
q00497,8f50878c-df9f-332c-265b-3a2fde61ed16,account_age_days,1336.0
q00498,ba30e844-b995-1194-d5dd-7e9201ea441f,observed_cash_balance_p10,4057.693611340605
q00499,ba30e844-b995-1194-d5dd-7e9201ea441f,observed_overdraft_count_3mo,3.0
q00500,ba30e844-b995-1194-d5dd-7e9201ea441f,stated_time_in_business,6.096538862061251
q00501,6bee4344-1daa-4da3-1653-0d958b1b3c68,stated_annual_revenue,1088052.658902748
q00502,6bee4344-1daa-4da3-1653-0d958b1b3c68,multi_lender_inquiry_count_30d,4.0
q00503,6bee4344-1daa-4da3-1653-0d958b1b3c68,observed_overdraft_count_3mo,3.0
q00504,c041a674-2cbf-0853-2fa6-27bc11c17b01,observed_cash_balance_p10,3297.1055016091873
q00505,c041a674-2cbf-0853-2fa6-27bc11c17b01,aggregate_credit_utilization,0.4785610265123322
q00506,c041a674-2cbf-0853-2fa6-27bc11c17b01,requested_amount,31106.930316053666
q00507,2227380c-7b5a-f071-0196-35ecc82357f9,has_linked_bank_feed,1.0
q00508,2227380c-7b5a-f071-0196-35ecc82357f9,days_since_last_external_decline,31.65396146143491
q00509,2227380c-7b5a-f071-0196-35ecc82357f9,invoice_payment_delinquency_rate,0.39563852712694253
q00510,92539ef9-47e3-2c68-b64d-a7444588c075,requested_amount,30130.48600971176
q00511,92539ef9-47e3-2c68-b64d-a7444588c075,prior_loans_amount_total,0.0
q00512,92539ef9-47e3-2c68-b64d-a7444588c075,aggregate_credit_utilization,0.5417054682583474
q00513,674e3005-c7c4-3d59-63b5-7cb1aa7ea5cf,sector,2.0
q00514,674e3005-c7c4-3d59-63b5-7cb1aa7ea5cf,multi_lender_inquiry_count_30d,5.0
q00515,674e3005-c7c4-3d59-63b5-7cb1aa7ea5cf,prior_loans_default_count,2.0
q00516,c847ddb4-d5ed-c39a-64b9-02f420b72384,stated_time_in_business,3.292927482355089
q00517,c847ddb4-d5ed-c39a-64b9-02f420b72384,application_channel,2.0
q00518,c847ddb4-d5ed-c39a-64b9-02f420b72384,has_linked_bank_feed,1.0
q00519,edc9d262-cbe9-9adf-b9f5-80ef4ae07c84,owner_personal_credit_band,0.0
q00520,edc9d262-cbe9-9adf-b9f5-80ef4ae07c84,geography_region,0.0
q00521,edc9d262-cbe9-9adf-b9f5-80ef4ae07c84,existing_debt_obligations,7798.610651256804
q00522,b5a42d4c-2dbc-e739-a2a7-8dfe4edb740b,vintage_years,10.133823528835455
q00523,b5a42d4c-2dbc-e739-a2a7-8dfe4edb740b,payroll_regularity_score,0.4233902949617607
q00524,b5a42d4c-2dbc-e739-a2a7-8dfe4edb740b,aggregate_credit_utilization,0.3344160047074661
q00525,efd6469b-e16a-a2f2-2bea-b5dae9af72d8,application_channel,0.0
q00526,efd6469b-e16a-a2f2-2bea-b5dae9af72d8,observed_cash_balance_p10,3538.226774398414
q00527,efd6469b-e16a-a2f2-2bea-b5dae9af72d8,observed_overdraft_count_3mo,1.0
q00528,57964fdd-d977-d288-3d76-f1e7e4f28f1a,observed_overdraft_count_3mo,2.0
q00529,57964fdd-d977-d288-3d76-f1e7e4f28f1a,stated_annual_revenue,1740764.5455313432
q00530,57964fdd-d977-d288-3d76-f1e7e4f28f1a,observed_revenue_volatility,0.5294926483731993
q00531,4120ba12-e642-d5c9-3013-8f7be66a6276,payroll_regularity_score,0.7123095331882044
q00532,4120ba12-e642-d5c9-3013-8f7be66a6276,owner_personal_credit_band,0.0
q00533,4120ba12-e642-d5c9-3013-8f7be66a6276,recent_inquiries_count_6mo,6.0
q00534,95a169f1-082d-9da4-5070-04d5bf13c15e,observed_revenue_trend_3mo,1.0138939208053679
q00535,95a169f1-082d-9da4-5070-04d5bf13c15e,stated_time_in_business,2.4211867977946495
q00536,95a169f1-082d-9da4-5070-04d5bf13c15e,days_since_last_inquiry_elsewhere,34.643925640293865
q00537,66ee38df-debb-c208-a8c9-8ee27e816767,owner_personal_credit_band,3.0
q00538,66ee38df-debb-c208-a8c9-8ee27e816767,aggregate_credit_utilization,0.7208334654126912
q00539,66ee38df-debb-c208-a8c9-8ee27e816767,employee_count_bucket,3.0
q00540,953db37a-aa34-5e01-7f46-e9136ccc90c0,recent_inquiries_count_6mo,0.0
q00541,953db37a-aa34-5e01-7f46-e9136ccc90c0,recent_inquiries_count_6mo,0.0
q00542,953db37a-aa34-5e01-7f46-e9136ccc90c0,observed_monthly_revenue_avg_3mo,84941.61663468317
q00543,ff3d1aca-895c-c46d-478f-6e8de0574be7,days_since_last_inquiry_elsewhere,27.928948798983903
q00544,ff3d1aca-895c-c46d-478f-6e8de0574be7,platform_active_months,2.0
q00545,ff3d1aca-895c-c46d-478f-6e8de0574be7,observed_revenue_volatility,1.3030045237800585
q00546,4253a691-f126-3625-1e4a-751cf792ac4a,observed_revenue_volatility,0.8057886164268235
q00547,4253a691-f126-3625-1e4a-751cf792ac4a,existing_debt_obligations,5724.3921151675195
q00548,4253a691-f126-3625-1e4a-751cf792ac4a,application_channel,1.0
q00549,0cb7bd85-8c03-ec9c-c23c-b08fa8789beb,existing_debt_obligations,7954.378414506215
q00550,0cb7bd85-8c03-ec9c-c23c-b08fa8789beb,requested_amount,30775.125957202774
q00551,0cb7bd85-8c03-ec9c-c23c-b08fa8789beb,intended_use_of_funds,3.0
q00552,becc47c4-aa7c-9776-2a36-2f79014a45e4,prior_loans_count,5.0
q00553,becc47c4-aa7c-9776-2a36-2f79014a45e4,application_channel,0.0
q00554,becc47c4-aa7c-9776-2a36-2f79014a45e4,stated_annual_revenue,1237916.2699863387
q00555,3f97461b-ed78-b3b7-e16c-64644ba4b3f2,existing_debt_obligations,11353.827452765174
q00556,3f97461b-ed78-b3b7-e16c-64644ba4b3f2,sector,4.0
q00557,3f97461b-ed78-b3b7-e16c-64644ba4b3f2,observed_revenue_volatility,0.6192656205678927
q00558,31a39866-cd72-9a07-13d7-3b14535b61df,observed_overdraft_count_3mo,4.0
q00559,31a39866-cd72-9a07-13d7-3b14535b61df,observed_revenue_trend_3mo,-0.8654764484358709
q00560,31a39866-cd72-9a07-13d7-3b14535b61df,observed_revenue_volatility,0.623107660112171
q00561,ac858922-8f39-0227-446d-9f7ccdb1876d,observed_cash_balance_p10,-132.02002421561156
q00562,ac858922-8f39-0227-446d-9f7ccdb1876d,observed_revenue_volatility,1.2387457611260766
q00563,ac858922-8f39-0227-446d-9f7ccdb1876d,application_channel,0.0
q00564,2087eebd-39f9-0c97-4fc8-e2ec7ab7576f,existing_debt_obligations,9224.860959524633
q00565,2087eebd-39f9-0c97-4fc8-e2ec7ab7576f,account_age_days,2310.0
q00566,2087eebd-39f9-0c97-4fc8-e2ec7ab7576f,requested_amount,26447.522694366977
q00567,a2650b94-748b-0e1f-6111-8ecb2c9a96ed,observed_revenue_trend_3mo,-0.8452609286955141
q00568,a2650b94-748b-0e1f-6111-8ecb2c9a96ed,observed_cash_balance_p10,3526.4341194313974
q00569,a2650b94-748b-0e1f-6111-8ecb2c9a96ed,bookkeeping_recency_days,19.61844548981374
q00570,e6faca45-3b60-a044-16a6-650d257e6de4,observed_monthly_revenue_avg_3mo,241805.73707790673
q00571,e6faca45-3b60-a044-16a6-650d257e6de4,invoice_payment_delinquency_rate,0.29150612140467297
q00572,e6faca45-3b60-a044-16a6-650d257e6de4,account_age_days,3350.0
q00573,60279a6a-f537-fe78-532b-d652672dc39a,observed_revenue_volatility,0.7069570946514642
q00574,60279a6a-f537-fe78-532b-d652672dc39a,prior_loans_amount_total,10213.985787370959
q00575,60279a6a-f537-fe78-532b-d652672dc39a,recent_inquiries_count_6mo,3.0
q00576,3e317744-01aa-8195-64ff-98ed4448eeaf,observed_overdraft_count_3mo,0.0
q00577,3e317744-01aa-8195-64ff-98ed4448eeaf,observed_monthly_revenue_avg_3mo,174884.97316650752
q00578,3e317744-01aa-8195-64ff-98ed4448eeaf,observed_overdraft_count_3mo,1.0
q00579,830c4db4-dd17-2e7f-823a-3d4030ce420d,owner_personal_credit_band,2.0
q00580,830c4db4-dd17-2e7f-823a-3d4030ce420d,recent_inquiries_count_6mo,6.0
q00581,830c4db4-dd17-2e7f-823a-3d4030ce420d,stated_time_in_business,3.3125515987352796
q00582,03bb86d4-5042-1d0c-32d5-0f32d6faa2f7,multi_lender_inquiry_count_30d,1.0
q00583,03bb86d4-5042-1d0c-32d5-0f32d6faa2f7,observed_revenue_volatility,0.7119123904306205
q00584,03bb86d4-5042-1d0c-32d5-0f32d6faa2f7,invoice_payment_delinquency_rate,0.11678168041393075
q00585,dbf575b1-a20a-9acf-b6f3-dc61acde4006,observed_overdraft_count_3mo,3.0
q00586,dbf575b1-a20a-9acf-b6f3-dc61acde4006,requested_amount,26614.920026722677
q00587,dbf575b1-a20a-9acf-b6f3-dc61acde4006,recent_inquiries_count_6mo,5.0
q00588,7d83071a-f488-1512-1b0b-bc80dde2da81,observed_revenue_trend_3mo,-0.32921499162916146
q00589,7d83071a-f488-1512-1b0b-bc80dde2da81,observed_revenue_volatility,0.7580169372289363
q00590,7d83071a-f488-1512-1b0b-bc80dde2da81,application_channel,2.0
q00591,684a8c97-b1c7-8575-5805-6dd2c6df72bd,requested_amount,23493.035716298295
q00592,684a8c97-b1c7-8575-5805-6dd2c6df72bd,owner_personal_credit_band,2.0
q00593,684a8c97-b1c7-8575-5805-6dd2c6df72bd,prior_loans_amount_total,0.0
q00594,2b5f3aa8-9f21-1922-1a24-07cbf572a636,stated_time_in_business,3.5463999432129114
q00595,2b5f3aa8-9f21-1922-1a24-07cbf572a636,observed_revenue_trend_3mo,0.646693959117024
q00596,2b5f3aa8-9f21-1922-1a24-07cbf572a636,observed_monthly_revenue_avg_3mo,171738.25037924928
q00597,8fc560c2-106a-9d93-c88a-4398c63a7c40,payroll_regularity_score,0.664428679045351
q00598,8fc560c2-106a-9d93-c88a-4398c63a7c40,vintage_years,1.7032611223142178
q00599,8fc560c2-106a-9d93-c88a-4398c63a7c40,stated_time_in_business,2.5828367887065484
q00600,d0170cc2-2391-4327-d338-004538419f51,multi_lender_inquiry_count_30d,1.0
q00601,d0170cc2-2391-4327-d338-004538419f51,aggregate_credit_utilization,0.7669989881078103
q00602,d0170cc2-2391-4327-d338-004538419f51,account_age_days,1664.0
q00603,4efaf4f9-85b6-8c09-1936-54983d8bfd62,prior_loans_amount_total,4065.8241914605323
q00604,4efaf4f9-85b6-8c09-1936-54983d8bfd62,existing_debt_obligations,6897.315012128436
q00605,4efaf4f9-85b6-8c09-1936-54983d8bfd62,observed_monthly_revenue_avg_3mo,120671.93116030435
q00606,0cb3954b-24f0-bae5-f600-02ce0bb99c69,observed_overdraft_count_3mo,1.0
q00607,0cb3954b-24f0-bae5-f600-02ce0bb99c69,geography_region,1.0
q00608,0cb3954b-24f0-bae5-f600-02ce0bb99c69,invoice_payment_delinquency_rate,0.2387431598418146
q00609,219d5a3f-a4fa-23df-1ad9-81a22c778fae,payroll_regularity_score,0.4773497104269925
q00610,219d5a3f-a4fa-23df-1ad9-81a22c778fae,owner_personal_credit_band,3.0
q00611,219d5a3f-a4fa-23df-1ad9-81a22c778fae,days_since_last_external_decline,52.971273808532516
q00612,0bed3222-c58e-cbcb-053b-309e316fc33a,observed_overdraft_count_3mo,6.0
q00613,0bed3222-c58e-cbcb-053b-309e316fc33a,account_age_days,1613.0
q00614,0bed3222-c58e-cbcb-053b-309e316fc33a,stated_time_in_business,2.9648141016376592
q00615,5f23155c-4e70-68ad-aaf2-bdb1867f2d07,observed_revenue_trend_3mo,0.2068763809955318
q00616,5f23155c-4e70-68ad-aaf2-bdb1867f2d07,invoice_payment_delinquency_rate,0.38187885153802464
q00617,5f23155c-4e70-68ad-aaf2-bdb1867f2d07,recent_inquiries_count_6mo,5.0
q00618,8698c51a-c917-b7c7-4b8a-3dfa5a1ab2bd,stated_annual_revenue,2272148.720425965
q00619,8698c51a-c917-b7c7-4b8a-3dfa5a1ab2bd,intended_use_of_funds,1.0
q00620,8698c51a-c917-b7c7-4b8a-3dfa5a1ab2bd,aggregate_credit_utilization,0.5473018001443702
q00621,6a35f1bc-381d-1193-3c0b-b985ec404f04,multi_lender_inquiry_count_30d,1.0
q00622,6a35f1bc-381d-1193-3c0b-b985ec404f04,platform_active_months,11.0
q00623,6a35f1bc-381d-1193-3c0b-b985ec404f04,observed_revenue_trend_3mo,-0.7342973440828678
q00624,3a42eca2-5de4-7110-d7a4-7dbc4e846a55,application_channel,0.0
q00625,3a42eca2-5de4-7110-d7a4-7dbc4e846a55,multi_lender_inquiry_count_30d,2.0
q00626,3a42eca2-5de4-7110-d7a4-7dbc4e846a55,sector,4.0
q00627,e1018c38-1b31-214c-8d32-4feb71c9559e,observed_revenue_volatility,0.9052636292341192
q00628,e1018c38-1b31-214c-8d32-4feb71c9559e,requested_amount,27860.80154582641
q00629,e1018c38-1b31-214c-8d32-4feb71c9559e,observed_revenue_trend_3mo,0.717860307140537
q00630,f95334f9-2606-7b80-3523-2872f4d61c68,stated_annual_revenue,2899953.855953071
q00631,f95334f9-2606-7b80-3523-2872f4d61c68,observed_revenue_trend_3mo,0.9099842712162439
q00632,f95334f9-2606-7b80-3523-2872f4d61c68,invoice_payment_delinquency_rate,0.10300439258261025
q00633,031eaa06-73bf-1e43-8828-77b7e8898cfc,observed_revenue_volatility,1.1459660607325104
q00634,031eaa06-73bf-1e43-8828-77b7e8898cfc,days_since_last_external_decline,65.00131982423787
q00635,031eaa06-73bf-1e43-8828-77b7e8898cfc,observed_monthly_revenue_avg_3mo,215247.67323292798
q00636,6ba748f1-609a-ae33-ded4-0ab58ab188ff,observed_overdraft_count_3mo,3.0
q00637,6ba748f1-609a-ae33-ded4-0ab58ab188ff,observed_overdraft_count_3mo,4.0
q00638,6ba748f1-609a-ae33-ded4-0ab58ab188ff,application_channel,2.0
q00639,19572df4-3806-6e29-173c-30008fcfca98,owner_personal_credit_band,0.0
q00640,19572df4-3806-6e29-173c-30008fcfca98,days_since_last_external_decline,10.347842294473265
q00641,19572df4-3806-6e29-173c-30008fcfca98,stated_annual_revenue,2845774.6786240204
q00642,b24ce950-ce9a-fda9-7fe2-2d7d2b547aee,prior_loans_count,1.0
q00643,b24ce950-ce9a-fda9-7fe2-2d7d2b547aee,multi_lender_inquiry_count_30d,1.0
q00644,b24ce950-ce9a-fda9-7fe2-2d7d2b547aee,has_linked_bank_feed,0.0
q00645,0773073c-dbe6-87d9-1fab-092e362e418b,owner_personal_credit_band,2.0
q00646,0773073c-dbe6-87d9-1fab-092e362e418b,observed_revenue_volatility,0.818784091663033
q00647,0773073c-dbe6-87d9-1fab-092e362e418b,invoice_payment_delinquency_rate,0.06921527443997909
q00648,37e388a9-de34-b66c-e098-2e48a5feb8b3,stated_annual_revenue,1613211.192744328
q00649,37e388a9-de34-b66c-e098-2e48a5feb8b3,invoice_payment_delinquency_rate,0.10154616138850431
q00650,37e388a9-de34-b66c-e098-2e48a5feb8b3,observed_revenue_volatility,1.2268843171413741
q00651,6989fd39-b613-5b05-b2aa-62bc0a6b929a,observed_cash_balance_p10,603.9944054488845
q00652,6989fd39-b613-5b05-b2aa-62bc0a6b929a,platform_active_months,16.0
q00653,6989fd39-b613-5b05-b2aa-62bc0a6b929a,requested_amount,25736.924024329157
q00654,42333994-c4aa-373d-2f6d-6363d6ee3477,observed_cash_balance_p10,1405.1644033099915
q00655,42333994-c4aa-373d-2f6d-6363d6ee3477,prior_loans_default_count,1.0
q00656,42333994-c4aa-373d-2f6d-6363d6ee3477,stated_time_in_business,3.353360791304777
q00657,1c031df2-7527-d0ff-7abc-1e6b265af51e,platform_active_months,19.0
q00658,1c031df2-7527-d0ff-7abc-1e6b265af51e,observed_cash_balance_p10,2136.313164844928
q00659,1c031df2-7527-d0ff-7abc-1e6b265af51e,observed_cash_balance_p10,1390.2556587627469
q00660,0d168c22-3a4d-c91e-ebd5-b0368b3ffd0c,observed_revenue_trend_3mo,0.8791331245234557
q00661,0d168c22-3a4d-c91e-ebd5-b0368b3ffd0c,invoice_payment_delinquency_rate,0.10157395984305971
q00662,0d168c22-3a4d-c91e-ebd5-b0368b3ffd0c,observed_revenue_trend_3mo,-0.512972886267911
q00663,20a8576e-5376-2fb8-47a4-5924ff26adba,application_channel,0.0
q00664,20a8576e-5376-2fb8-47a4-5924ff26adba,days_since_last_external_decline,11.427599579243862
q00665,20a8576e-5376-2fb8-47a4-5924ff26adba,geography_region,1.0
q00666,e39e4491-120a-46a7-3fca-40d90ef51933,bookkeeping_recency_days,13.20425183261816
q00667,e39e4491-120a-46a7-3fca-40d90ef51933,stated_annual_revenue,1003739.1013292507
q00668,e39e4491-120a-46a7-3fca-40d90ef51933,observed_revenue_trend_3mo,-0.2034302393929459
q00669,de3372cd-00aa-e6ac-d7b6-403ffd9787bf,owner_personal_credit_band,3.0
q00670,de3372cd-00aa-e6ac-d7b6-403ffd9787bf,multi_lender_inquiry_count_30d,4.0
q00671,de3372cd-00aa-e6ac-d7b6-403ffd9787bf,requested_amount,23821.036973672984
q00672,1ff98c05-7e21-5a77-5d22-97f73975a522,sector,1.0
q00673,1ff98c05-7e21-5a77-5d22-97f73975a522,stated_annual_revenue,1997466.3583108457
q00674,1ff98c05-7e21-5a77-5d22-97f73975a522,observed_revenue_trend_3mo,0.2817772778842971
q00675,f364fc77-4ab7-97e0-2bd3-ef8eac2decee,employee_count_bucket,0.0
q00676,f364fc77-4ab7-97e0-2bd3-ef8eac2decee,application_channel,2.0
q00677,f364fc77-4ab7-97e0-2bd3-ef8eac2decee,existing_debt_obligations,5514.946517033759
q00678,6a767b65-66cc-6e8a-5cb0-a65692c104ad,recent_inquiries_count_6mo,3.0
q00679,6a767b65-66cc-6e8a-5cb0-a65692c104ad,observed_revenue_trend_3mo,0.680817174952145
q00680,6a767b65-66cc-6e8a-5cb0-a65692c104ad,requested_amount,30946.68640842413
q00681,a92f02c5-5e3c-d363-147e-14045f644f70,observed_revenue_trend_3mo,-0.4916674884471468
q00682,a92f02c5-5e3c-d363-147e-14045f644f70,observed_monthly_revenue_avg_3mo,272832.97484945203
q00683,a92f02c5-5e3c-d363-147e-14045f644f70,observed_cash_balance_p10,-1134.021128657749
q00684,25932ec3-41bf-208f-3282-8be3c12823a5,observed_revenue_trend_3mo,-0.3700948236643958
q00685,25932ec3-41bf-208f-3282-8be3c12823a5,invoice_payment_delinquency_rate,0.30754027918735827
q00686,25932ec3-41bf-208f-3282-8be3c12823a5,multi_lender_inquiry_count_30d,2.0
q00687,78a9bca2-1f8f-6194-5320-5a7cc735e5d7,observed_overdraft_count_3mo,2.0
q00688,78a9bca2-1f8f-6194-5320-5a7cc735e5d7,prior_loans_count,5.0
q00689,78a9bca2-1f8f-6194-5320-5a7cc735e5d7,bookkeeping_recency_days,16.32798294456904
q00690,60e93fa8-914d-d03f-5222-30084455d9b5,recent_inquiries_count_6mo,3.0
q00691,60e93fa8-914d-d03f-5222-30084455d9b5,observed_cash_balance_p10,1252.6939592093545
q00692,60e93fa8-914d-d03f-5222-30084455d9b5,application_channel,0.0
q00693,d8b6c40e-c030-2f98-53c3-d956b518a5f7,observed_monthly_revenue_avg_3mo,83505.7568334389
q00694,d8b6c40e-c030-2f98-53c3-d956b518a5f7,observed_revenue_volatility,0.7268589887628822
q00695,d8b6c40e-c030-2f98-53c3-d956b518a5f7,observed_monthly_revenue_avg_3mo,253656.4680994198
q00696,714d5d39-927d-e638-a8ad-41147fa517cd,stated_annual_revenue,4165732.7179193594
q00697,714d5d39-927d-e638-a8ad-41147fa517cd,platform_active_months,22.0
q00698,714d5d39-927d-e638-a8ad-41147fa517cd,observed_monthly_revenue_avg_3mo,151785.14085331504
q00699,ba0f3002-d1fd-fa5d-c354-b5b173d4b818,recent_inquiries_count_6mo,6.0
q00700,ba0f3002-d1fd-fa5d-c354-b5b173d4b818,stated_time_in_business,2.7536118557362212
q00701,ba0f3002-d1fd-fa5d-c354-b5b173d4b818,stated_annual_revenue,2472201.9981610216
q00702,16256f3a-d282-f250-e70c-985377c5e856,existing_debt_obligations,8105.268692752843
q00703,16256f3a-d282-f250-e70c-985377c5e856,application_channel,0.0
q00704,16256f3a-d282-f250-e70c-985377c5e856,employee_count_bucket,2.0
q00705,c040541b-122f-3b0c-6cc5-28f9b090187f,observed_monthly_revenue_avg_3mo,94201.36612698043
q00706,c040541b-122f-3b0c-6cc5-28f9b090187f,observed_cash_balance_p10,2946.701801829424
q00707,c040541b-122f-3b0c-6cc5-28f9b090187f,observed_cash_balance_p10,-912.7558372012732
q00708,9040ef82-bea4-799d-ef72-bdafb949a1e1,stated_annual_revenue,1213964.8043128054
q00709,9040ef82-bea4-799d-ef72-bdafb949a1e1,observed_monthly_revenue_avg_3mo,104914.7938139653
q00710,9040ef82-bea4-799d-ef72-bdafb949a1e1,owner_personal_credit_band,0.0
q00711,a2f5259a-325a-aeb2-d23b-9bdee5d84ea6,observed_monthly_revenue_avg_3mo,173158.27495289702
q00712,a2f5259a-325a-aeb2-d23b-9bdee5d84ea6,recent_inquiries_count_6mo,4.0
q00713,a2f5259a-325a-aeb2-d23b-9bdee5d84ea6,application_channel,0.0
q00714,21a54094-61db-bf7a-058b-f95feb2986e3,observed_overdraft_count_3mo,5.0
q00715,21a54094-61db-bf7a-058b-f95feb2986e3,account_age_days,347.0
q00716,21a54094-61db-bf7a-058b-f95feb2986e3,aggregate_credit_utilization,0.36406681458549517
q00717,5baf7ff0-4671-3def-be34-ad151187a354,owner_personal_credit_band,1.0
q00718,5baf7ff0-4671-3def-be34-ad151187a354,aggregate_credit_utilization,0.3539377645640957
q00719,5baf7ff0-4671-3def-be34-ad151187a354,days_since_last_inquiry_elsewhere,53.19493853029646
q00720,3bbf084a-92a3-fde3-432c-6be53c1fb5f2,application_channel,1.0
q00721,3bbf084a-92a3-fde3-432c-6be53c1fb5f2,observed_monthly_revenue_avg_3mo,357750.8002262802
q00722,3bbf084a-92a3-fde3-432c-6be53c1fb5f2,observed_monthly_revenue_avg_3mo,266517.7796924123
q00723,73734ed4-1c19-249d-aa01-0ab1a9a82a69,sector,2.0
q00724,73734ed4-1c19-249d-aa01-0ab1a9a82a69,platform_active_months,24.0
q00725,73734ed4-1c19-249d-aa01-0ab1a9a82a69,stated_time_in_business,5.569390004477965
q00726,58536e26-bea5-4368-2835-deb0bb064646,multi_lender_inquiry_count_30d,4.0
q00727,58536e26-bea5-4368-2835-deb0bb064646,observed_revenue_volatility,0.7790030880476446
q00728,58536e26-bea5-4368-2835-deb0bb064646,stated_time_in_business,8.52076196663982
q00729,68c2b292-1e4e-da7b-3a16-3f9d004daa9e,invoice_payment_delinquency_rate,0.2193289255218664
q00730,68c2b292-1e4e-da7b-3a16-3f9d004daa9e,observed_cash_balance_p10,-2107.1752411927628
q00731,68c2b292-1e4e-da7b-3a16-3f9d004daa9e,owner_personal_credit_band,4.0
q00732,a172306c-6815-a72f-a16e-c79e6c43acb9,employee_count_bucket,2.0
q00733,a172306c-6815-a72f-a16e-c79e6c43acb9,vintage_years,6.823890183318478
q00734,a172306c-6815-a72f-a16e-c79e6c43acb9,existing_debt_obligations,9211.932423175887
q00735,ef689b54-d265-f3d9-58c5-6fc1e314985a,requested_amount,23395.733349154787
q00736,ef689b54-d265-f3d9-58c5-6fc1e314985a,existing_debt_obligations,9991.930612429327
q00737,ef689b54-d265-f3d9-58c5-6fc1e314985a,observed_revenue_trend_3mo,-0.615040583959276
q00738,f7a01651-d0fa-5e0a-35ad-f3817ccb6170,observed_overdraft_count_3mo,2.0
q00739,f7a01651-d0fa-5e0a-35ad-f3817ccb6170,platform_active_months,14.0
q00740,f7a01651-d0fa-5e0a-35ad-f3817ccb6170,recent_inquiries_count_6mo,1.0
q00741,dba746fc-05c7-53c6-8433-a900ec4e7359,observed_revenue_volatility,0.5007763630431906
q00742,dba746fc-05c7-53c6-8433-a900ec4e7359,recent_inquiries_count_6mo,0.0
q00743,dba746fc-05c7-53c6-8433-a900ec4e7359,geography_region,0.0
q00744,74488786-88ca-8bfe-e18a-51e8be36ec35,existing_debt_obligations,4382.257417144549
q00745,74488786-88ca-8bfe-e18a-51e8be36ec35,owner_personal_credit_band,2.0
q00746,74488786-88ca-8bfe-e18a-51e8be36ec35,observed_revenue_trend_3mo,1.001641995425648
q00747,cd0e1f85-6ce2-d47f-c863-5934ad628d0a,sector,4.0
q00748,cd0e1f85-6ce2-d47f-c863-5934ad628d0a,observed_monthly_revenue_avg_3mo,238108.68609760416
q00749,cd0e1f85-6ce2-d47f-c863-5934ad628d0a,bookkeeping_recency_days,14.569182218504045
q00750,95669cae-cdbc-f534-6b82-76882cd8ed64,observed_monthly_revenue_avg_3mo,309104.76640475343
q00751,95669cae-cdbc-f534-6b82-76882cd8ed64,existing_debt_obligations,8442.843904595433
q00752,95669cae-cdbc-f534-6b82-76882cd8ed64,stated_time_in_business,2.2902746675062335
q00753,3179fea2-cc0d-6f65-c0ba-6d5f8a77fef2,application_channel,0.0
q00754,3179fea2-cc0d-6f65-c0ba-6d5f8a77fef2,aggregate_credit_utilization,0.35897678919346765
q00755,3179fea2-cc0d-6f65-c0ba-6d5f8a77fef2,bookkeeping_recency_days,28.638551900440902
q00756,e0c2e605-bf71-4338-5251-40ab70c56a21,employee_count_bucket,1.0
q00757,e0c2e605-bf71-4338-5251-40ab70c56a21,prior_loans_default_count,1.0
q00758,e0c2e605-bf71-4338-5251-40ab70c56a21,stated_time_in_business,2.712504011282231
q00759,28ac9efa-dacc-a1e0-5fd6-4d460125820d,payroll_regularity_score,0.6433110682718787
q00760,28ac9efa-dacc-a1e0-5fd6-4d460125820d,intended_use_of_funds,1.0
q00761,28ac9efa-dacc-a1e0-5fd6-4d460125820d,observed_overdraft_count_3mo,6.0
q00762,4c4461a2-75cf-0d99-33cf-4ef16aece6e0,invoice_payment_delinquency_rate,0.2826373523040678
q00763,4c4461a2-75cf-0d99-33cf-4ef16aece6e0,application_channel,2.0
q00764,4c4461a2-75cf-0d99-33cf-4ef16aece6e0,invoice_payment_delinquency_rate,0.2136769413252533
q00765,a4743e04-dbff-46e7-64b4-8518455c2c18,prior_loans_amount_total,4301.570042743765
q00766,a4743e04-dbff-46e7-64b4-8518455c2c18,recent_inquiries_count_6mo,4.0
q00767,a4743e04-dbff-46e7-64b4-8518455c2c18,recent_inquiries_count_6mo,6.0
q00768,67416915-fabf-751f-79d9-cc9fc4e692f7,existing_debt_obligations,7905.0776113445445
q00769,67416915-fabf-751f-79d9-cc9fc4e692f7,invoice_payment_delinquency_rate,0.14353281371431031
q00770,67416915-fabf-751f-79d9-cc9fc4e692f7,geography_region,3.0
q00771,056b25c9-6818-b356-f881-cc97bd1762cf,observed_overdraft_count_3mo,5.0
q00772,056b25c9-6818-b356-f881-cc97bd1762cf,existing_debt_obligations,8718.279016704566
q00773,056b25c9-6818-b356-f881-cc97bd1762cf,has_linked_bank_feed,1.0
q00774,1a768d0e-ffcd-0125-4543-66b433856bd8,days_since_last_inquiry_elsewhere,39.771725722863685
q00775,1a768d0e-ffcd-0125-4543-66b433856bd8,observed_revenue_trend_3mo,-0.7702975616321281
q00776,1a768d0e-ffcd-0125-4543-66b433856bd8,requested_amount,29045.394847088875
q00777,d15b3725-4703-205d-cb68-1ea15c82b635,observed_cash_balance_p10,466.03660849498107
q00778,d15b3725-4703-205d-cb68-1ea15c82b635,recent_inquiries_count_6mo,4.0
q00779,d15b3725-4703-205d-cb68-1ea15c82b635,existing_debt_obligations,7568.686761716659
q00780,8f6a825e-f1ec-227f-2ea2-2aa52e12774d,stated_time_in_business,6.047525632132085
q00781,8f6a825e-f1ec-227f-2ea2-2aa52e12774d,account_age_days,574.0
q00782,8f6a825e-f1ec-227f-2ea2-2aa52e12774d,observed_cash_balance_p10,1295.8639373709927
q00783,99d4d48a-598d-55bc-ff10-641eb38af5d7,observed_revenue_trend_3mo,-0.42469969288484855
q00784,99d4d48a-598d-55bc-ff10-641eb38af5d7,payroll_regularity_score,0.2767245462166954
q00785,99d4d48a-598d-55bc-ff10-641eb38af5d7,observed_revenue_trend_3mo,-0.3586541746541044
q00786,23adc23c-9c49-f16f-f443-13e230276f37,platform_active_months,17.0
q00787,23adc23c-9c49-f16f-f443-13e230276f37,prior_loans_default_count,1.0
q00788,23adc23c-9c49-f16f-f443-13e230276f37,requested_amount,30633.590447460643
q00789,e40c3ff5-0207-bff9-70e8-b97a225ec99e,observed_revenue_volatility,1.1217754168299505
q00790,e40c3ff5-0207-bff9-70e8-b97a225ec99e,observed_revenue_volatility,1.0527688505044672
q00791,e40c3ff5-0207-bff9-70e8-b97a225ec99e,application_channel,0.0
q00792,2902a133-45a6-ab85-fd6b-ab3e9ba4cc2f,application_channel,1.0
q00793,2902a133-45a6-ab85-fd6b-ab3e9ba4cc2f,requested_amount,27708.315996228564
q00794,2902a133-45a6-ab85-fd6b-ab3e9ba4cc2f,observed_revenue_volatility,1.8225620776327067
q00795,d3e44fef-c937-7d12-db2c-6951e5eafa21,observed_cash_balance_p10,2713.651890268218
q00796,d3e44fef-c937-7d12-db2c-6951e5eafa21,existing_debt_obligations,5793.486203031136
q00797,d3e44fef-c937-7d12-db2c-6951e5eafa21,observed_monthly_revenue_avg_3mo,219002.95077223025
q00798,b78394da-3d6c-52d8-7168-c7bfa5bf0cd1,stated_annual_revenue,2827917.87486311
q00799,b78394da-3d6c-52d8-7168-c7bfa5bf0cd1,stated_time_in_business,9.273599867213171
q00800,b78394da-3d6c-52d8-7168-c7bfa5bf0cd1,observed_cash_balance_p10,2605.7833906492506
q00801,6eec8648-2e06-2c7f-e6a0-510b7388f491,observed_cash_balance_p10,-2241.896034211138
q00802,6eec8648-2e06-2c7f-e6a0-510b7388f491,observed_overdraft_count_3mo,5.0
q00803,6eec8648-2e06-2c7f-e6a0-510b7388f491,stated_time_in_business,3.249240579012667
q00804,6fcd659b-1f7f-9fc1-38d2-db418e173d94,observed_revenue_volatility,0.9673835546488677
q00805,6fcd659b-1f7f-9fc1-38d2-db418e173d94,recent_inquiries_count_6mo,6.0
q00806,6fcd659b-1f7f-9fc1-38d2-db418e173d94,observed_overdraft_count_3mo,6.0
q00807,7c38e59b-1cf8-6b34-af91-96d9efb159cd,payroll_regularity_score,0.48544312482377733
q00808,7c38e59b-1cf8-6b34-af91-96d9efb159cd,requested_amount,28414.981042939446
q00809,7c38e59b-1cf8-6b34-af91-96d9efb159cd,recent_inquiries_count_6mo,3.0
q00810,a9d1d82c-9dcc-f229-8ddb-94532245a9d3,sector,3.0
q00811,a9d1d82c-9dcc-f229-8ddb-94532245a9d3,observed_monthly_revenue_avg_3mo,213840.71350381855
q00812,a9d1d82c-9dcc-f229-8ddb-94532245a9d3,observed_revenue_volatility,0.614760154158869
q00813,162606b9-d71b-9563-4e05-e216e407e2c0,invoice_payment_delinquency_rate,0.15808585413179488
q00814,162606b9-d71b-9563-4e05-e216e407e2c0,stated_annual_revenue,988618.4126493242
q00815,162606b9-d71b-9563-4e05-e216e407e2c0,requested_amount,25420.629509571143
q00816,d6cd7e0c-d894-abf1-d5cb-dba68cfe78dc,requested_amount,28107.968276297815
q00817,d6cd7e0c-d894-abf1-d5cb-dba68cfe78dc,account_age_days,3443.0
q00818,d6cd7e0c-d894-abf1-d5cb-dba68cfe78dc,multi_lender_inquiry_count_30d,1.0
q00819,b98bd946-4df4-909c-85eb-9ca6f29c6e26,employee_count_bucket,3.0
q00820,b98bd946-4df4-909c-85eb-9ca6f29c6e26,days_since_last_external_decline,173.38585442267623
q00821,b98bd946-4df4-909c-85eb-9ca6f29c6e26,application_channel,1.0
q00822,c4592837-564f-8e2b-1bf9-49f9ba8d812f,aggregate_credit_utilization,0.2860338400422971
q00823,c4592837-564f-8e2b-1bf9-49f9ba8d812f,recent_inquiries_count_6mo,1.0
q00824,c4592837-564f-8e2b-1bf9-49f9ba8d812f,observed_revenue_volatility,0.6184121572567347
q00825,2d18e17d-e0ca-8da4-8eac-70956b2f854d,application_channel,1.0
q00826,2d18e17d-e0ca-8da4-8eac-70956b2f854d,observed_monthly_revenue_avg_3mo,251597.95727714265
q00827,2d18e17d-e0ca-8da4-8eac-70956b2f854d,payroll_regularity_score,0.4104955988406909
q00828,f83f0cb5-f6da-81bc-cac6-fdc175fe47c9,stated_time_in_business,2.813111784469245
q00829,f83f0cb5-f6da-81bc-cac6-fdc175fe47c9,observed_revenue_trend_3mo,0.17182769597873218
q00830,f83f0cb5-f6da-81bc-cac6-fdc175fe47c9,owner_personal_credit_band,2.0
q00831,45cc6fee-60a2-521a-aca9-40bcd7ba688a,multi_lender_inquiry_count_30d,0.0
q00832,45cc6fee-60a2-521a-aca9-40bcd7ba688a,observed_revenue_trend_3mo,-0.5798291950881423
q00833,45cc6fee-60a2-521a-aca9-40bcd7ba688a,stated_time_in_business,3.823394851166549
q00834,f2077d87-bf9b-87bd-a10d-36ef6c7e2904,invoice_payment_delinquency_rate,0.1484002812754457
q00835,f2077d87-bf9b-87bd-a10d-36ef6c7e2904,recent_inquiries_count_6mo,3.0
q00836,f2077d87-bf9b-87bd-a10d-36ef6c7e2904,application_channel,0.0
q00837,e0b6c71b-f7da-678e-3cc2-428e47734858,existing_debt_obligations,12495.240825138604
q00838,e0b6c71b-f7da-678e-3cc2-428e47734858,invoice_payment_delinquency_rate,0.12017935508871089
q00839,e0b6c71b-f7da-678e-3cc2-428e47734858,observed_overdraft_count_3mo,0.0
q00840,aaffcfb6-10e4-3d6e-5937-ba75460877c8,existing_debt_obligations,7189.778140879787
q00841,aaffcfb6-10e4-3d6e-5937-ba75460877c8,stated_time_in_business,9.908762977103665
q00842,aaffcfb6-10e4-3d6e-5937-ba75460877c8,account_age_days,1096.0
q00843,4526d3eb-d0aa-97a6-cdd4-8fa101d6fc1f,stated_time_in_business,2.868718341615936
q00844,4526d3eb-d0aa-97a6-cdd4-8fa101d6fc1f,observed_monthly_revenue_avg_3mo,100138.07511002071
q00845,4526d3eb-d0aa-97a6-cdd4-8fa101d6fc1f,payroll_regularity_score,0.6228694017176118
q00846,d7ee4c54-7973-e9b9-b818-9fadb8d8672c,observed_revenue_volatility,0.5915244528437951
q00847,d7ee4c54-7973-e9b9-b818-9fadb8d8672c,observed_revenue_volatility,1.0314123247412512
q00848,d7ee4c54-7973-e9b9-b818-9fadb8d8672c,observed_revenue_volatility,0.6153314285656187
q00849,4d06905b-ce03-6b7e-daa1-e42423721249,prior_loans_amount_total,0.0
q00850,4d06905b-ce03-6b7e-daa1-e42423721249,multi_lender_inquiry_count_30d,1.0
q00851,4d06905b-ce03-6b7e-daa1-e42423721249,owner_personal_credit_band,1.0
q00852,c3fb4a22-49a8-01e3-1232-25c155dfc66e,employee_count_bucket,0.0
q00853,c3fb4a22-49a8-01e3-1232-25c155dfc66e,requested_amount,22296.603886824596
q00854,c3fb4a22-49a8-01e3-1232-25c155dfc66e,aggregate_credit_utilization,0.4094129832772911
q00855,36ea9afb-a62b-8a94-240e-2c521ffcdfff,intended_use_of_funds,0.0
q00856,36ea9afb-a62b-8a94-240e-2c521ffcdfff,aggregate_credit_utilization,0.6489411909693984
q00857,36ea9afb-a62b-8a94-240e-2c521ffcdfff,has_linked_bank_feed,1.0
q00858,481b1d4f-5536-d3b1-28f1-c4373937ff45,observed_revenue_trend_3mo,0.350485119283216
q00859,481b1d4f-5536-d3b1-28f1-c4373937ff45,prior_loans_amount_total,5860.55490620844
q00860,481b1d4f-5536-d3b1-28f1-c4373937ff45,invoice_payment_delinquency_rate,0.3352383566195043
q00861,c7e983ed-b05e-1bbc-f178-df76c314fb3d,prior_loans_default_count,1.0
q00862,c7e983ed-b05e-1bbc-f178-df76c314fb3d,aggregate_credit_utilization,0.27917345322300086
q00863,c7e983ed-b05e-1bbc-f178-df76c314fb3d,aggregate_credit_utilization,0.22766310241142892
q00864,fdff70c2-94c4-a567-f1bf-bddad4868ce5,stated_time_in_business,7.766283865139333
q00865,fdff70c2-94c4-a567-f1bf-bddad4868ce5,invoice_payment_delinquency_rate,0.3620542092053082
q00866,fdff70c2-94c4-a567-f1bf-bddad4868ce5,recent_inquiries_count_6mo,1.0
q00867,b4be6250-ac93-6c66-aa55-82f1660f1cf3,recent_inquiries_count_6mo,6.0
q00868,b4be6250-ac93-6c66-aa55-82f1660f1cf3,existing_debt_obligations,4959.639463655442
q00869,b4be6250-ac93-6c66-aa55-82f1660f1cf3,aggregate_credit_utilization,0.7478836568588838
q00870,96f7a666-1018-24d5-4603-86cd70393322,stated_time_in_business,4.185982918179251
q00871,96f7a666-1018-24d5-4603-86cd70393322,stated_annual_revenue,1549346.701932769
q00872,96f7a666-1018-24d5-4603-86cd70393322,application_channel,1.0
q00873,9a544351-8680-da7f-da14-b351f92e4f9f,observed_cash_balance_p10,-1311.3544579429622
q00874,9a544351-8680-da7f-da14-b351f92e4f9f,stated_time_in_business,3.9330612633911866
q00875,9a544351-8680-da7f-da14-b351f92e4f9f,requested_amount,27278.594890699886
q00876,b4e819f6-1982-7967-3187-50c5ab47c587,observed_overdraft_count_3mo,3.0
q00877,b4e819f6-1982-7967-3187-50c5ab47c587,application_channel,1.0
q00878,b4e819f6-1982-7967-3187-50c5ab47c587,multi_lender_inquiry_count_30d,3.0
q00879,2bbe6037-9a0a-ab0e-067c-ebb8f4642d90,observed_revenue_trend_3mo,0.7885394150368844
q00880,2bbe6037-9a0a-ab0e-067c-ebb8f4642d90,existing_debt_obligations,8728.834558324066
q00881,2bbe6037-9a0a-ab0e-067c-ebb8f4642d90,geography_region,2.0
q00882,37a3e34e-948a-b986-f748-e6f3e0c916ff,stated_annual_revenue,1889207.2851995963
q00883,37a3e34e-948a-b986-f748-e6f3e0c916ff,existing_debt_obligations,12101.259760478786
q00884,37a3e34e-948a-b986-f748-e6f3e0c916ff,recent_inquiries_count_6mo,2.0
q00885,124cc0c7-e395-f543-7409-648b82f4b61c,intended_use_of_funds,0.0
q00886,124cc0c7-e395-f543-7409-648b82f4b61c,observed_overdraft_count_3mo,4.0
q00887,124cc0c7-e395-f543-7409-648b82f4b61c,owner_personal_credit_band,1.0
q00888,a7fee79d-5156-79c8-dc12-fbac835ef4cd,observed_cash_balance_p10,-150.15229383669066
q00889,a7fee79d-5156-79c8-dc12-fbac835ef4cd,aggregate_credit_utilization,0.7433425473388516
q00890,a7fee79d-5156-79c8-dc12-fbac835ef4cd,bookkeeping_recency_days,11.543386003030292
q00891,b31efd9d-0c52-f730-8265-16caa1ad1ed1,owner_personal_credit_band,4.0
q00892,b31efd9d-0c52-f730-8265-16caa1ad1ed1,invoice_payment_delinquency_rate,0.14028557688586238
q00893,b31efd9d-0c52-f730-8265-16caa1ad1ed1,observed_monthly_revenue_avg_3mo,110742.2545115892
q00894,417fb459-9a39-a81d-77cb-e3559b5675c9,account_age_days,2658.0
q00895,417fb459-9a39-a81d-77cb-e3559b5675c9,requested_amount,23261.45885972181
q00896,417fb459-9a39-a81d-77cb-e3559b5675c9,intended_use_of_funds,2.0
q00897,863c44d4-bdb3-59ed-7274-bff82efadc41,observed_revenue_volatility,0.9406838734705246
q00898,863c44d4-bdb3-59ed-7274-bff82efadc41,observed_revenue_trend_3mo,0.44781584692640225
q00899,863c44d4-bdb3-59ed-7274-bff82efadc41,recent_inquiries_count_6mo,1.0
